page,review_index,nama,tanggal,tipe_traveler,rating,teks_ulasan,sumber,gambar-1,gambar-2,gambar-3,gambar-4,gambar-5,gambar-6,gambar-7,gambar-8,gambar-9,gambar-10
1,1,Tataf let,7 April 2026,Trip Keluarga,"4,0","Cukup baik, bersih cuman pintu kamar mandinya kurang terawat",Ulasan terverifikasi dari tiket.com,https://s-light.tiket.photos/t/01E25EBZS3W0FY9GTG6C42E1SE/rsfit19201080gsm/images/2026/04/07/ba62a911-121b-4d57-aef1-6814784be894-1775564318297-72037d7af7fd7086f7ddb5d7e1d0484c.jpg,,,,,,,,,
1,2,KP,19 Februari 2026,Trip Keluarga,"5,0",Saya dan Keluarga Senang Menginap di Hotel ini Semoga Bisa Kembali dan Liburan Lagi Family massage area.,Ulasan terverifikasi dari tiket.com,https://s-light.tiket.photos/t/01E25EBZS3W0FY9GTG6C42E1SE/rsfit10801920gsm/images/2026/02/19/b46901dd-8288-48a8-837e-10bb4c558b33-1771434977733-9ec5335691c608834ecaaa0bf3cb978f.jpg,,,,,,,,,
1,3,Aji Mulyana,12 Januari 2026,Trip Keluarga,"5,0",Fasilitas kesehatan keluarga. Masakan yang menarik.,Ulasan terverifikasi dari tiket.com,https://s-light.tiket.photos/t/01E25EBZS3W0FY9GTG6C42E1SE/rsfit19201080gsm/images/2026/01/12/ba311b30-18c1-4cd5-972f-f65fe9e9fccc-1768214377807-e3ac29a6c4624229aca63d713755ed29.jpg,,,,,,,,,
1,4,ADALAH,18 Desember 2025,Perjalanan Sendirian,"4,4",Memuaskan kan pelayananya,Ulasan terverifikasi dari tiket.com,https://s-light.tiket.photos/t/01E25EBZS3W0FY9GTG6C42E1SE/rsfit10801920gsm/images/2025/12/18/c66a2cab-0005-4a47-a488-378db02576dd-1766011681905-25b608aa1cb8b1f65b1c431249b13879.jpg,,,,,,,,,
1,5,CR,17 Desember 2025,Perjalanan Bisnis,"1,0","kondisi kamar saat check in masih ada sampah dibawah tempat tidur, ada gelas bekas pakai yang belum di bereskan, minta ganti kamar tidak di perbolehkan, dan hanya di ganti sprei saja ga sesuai banget ...Selengkapnya",Ulasan terverifikasi dari tiket.com,https://s-light.tiket.photos/t/01E25EBZS3W0FY9GTG6C42E1SE/rsfit10801920gsm/images/2025/12/17/0c409bab-91f5-49f8-b2d4-edfd5ff812eb-1765937777221-76fa8bfdaf4dead92abab361a0e33533.jpeg,,,,,,,,,
2,1,IRMA ERVIANA,12 Desember 2025,Perjalanan Bisnis,"5,0",Menu sarapan bervariasi. Dekat dengan tempat hiburan.,Ulasan terverifikasi dari tiket.com,https://s-light.tiket.photos/t/01E25EBZS3W0FY9GTG6C42E1SE/rsfit10801920gsm/images/2025/12/12/17907493-eac0-4c7f-84ae-872ceedd2ee4-1765554639172-ad1219f89e5cc0e444fc84b2456722ac.jpeg,,,,,,,,,
2,2,YAITU,12 Desember 2025,Perjalanan Bisnis,"5,0",Mantap Dekat dekat dri mall,Ulasan terverifikasi dari tiket.com,https://s-light.tiket.photos/t/01E25EBZS3W0FY9GTG6C42E1SE/rsfit10801920gsm/images/2025/12/12/e32a2c16-9438-4bbd-ac45-7c44ca08c1f2-1765554565308-1f257f86f0924c1b0e677c076fa3d4e2.jpeg,,,,,,,,,
2,3,Senja Maulina,17 November 2025,Trip Pasangan,"5,0","pelayanan nya sangat bagus , kamar nya bersih, sangat nyaman buat honeymoon aku dan suami",Ulasan terverifikasi dari tiket.com,https://s-light.tiket.photos/t/01E25EBZS3W0FY9GTG6C42E1SE/rsfit10801920gsm/images/2025/11/17/72a32fe5-7bad-4ccf-a3bf-e819b9b61ace-1763364653250-60e8a85cc9fb996b812d2ec8d5e20762.jpg,,,,,,,,,
2,4,IW,28 September 2025,Perjalanan Sendirian,"5,0","Murah dan menyenangkan, pelayanan terbaik.",Ulasan terverifikasi dari tiket.com,https://s-light.tiket.photos/t/01E25EBZS3W0FY9GTG6C42E1SE/rsfit10801920gsm/images/2025/09/28/15bfc67c-e45f-4f4b-b604-72549f845e15-1759073964061-8b97435c942f187ed092dc5dafea8f4d.jpeg,https://s-light.tiket.photos/t/01E25EBZS3W0FY9GTG6C42E1SE/rsfit10801920gsm/images/2025/09/28/dcd0b2b3-cfd7-4d03-915c-0763727abd54-1759073964521-906025824bbb8a4a0a8d2a4fde721e85.jpeg,,,,,,,,
2,5,Indra Septyadi,11 Juli 2025,Trip Keluarga,"4,0","Pada saat datang loket cek in yg buka cuma 2 dan itu bikin antrian super panjaaang, baru kali ini deh antri check in panjang kaya gini. Pas masuk kanar okelah buat harga segitu. Mngkin krna lagi rame ...Selengkapnya",Ulasan terverifikasi dari tiket.com,https://s-light.tiket.photos/t/01E25EBZS3W0FY9GTG6C42E1SE/rsfit10801920gsm/images/2025/07/11/e8ac7686-90f3-419b-9e18-dcf47c56012b-1752193816114-6bd989ccafcc6261b41c67f5fd632bd0.jpg,https://s-light.tiket.photos/t/01E25EBZS3W0FY9GTG6C42E1SE/rsfit19201080gsm/images/2025/07/11/15060567-e5f9-47fa-924f-b86b236081b6-1752193814717-661b9a1a412fe91cb21eb99149c5532b.jpg,,,,,,,,
3,1,Amin Chen,9 Juli 2025,Trip Keluarga,"2,4","Nginap 2 hari , pesan 2 kamar Coneccting room and No smoking Floor. Hari pertama dapatnya Connecting room tapi Smooking Floor. Karna bawa anak dan baby jd cukup tidak nyaman di lantai smooking, kamar ...Selengkapnya",Ulasan terverifikasi dari tiket.com,https://s-light.tiket.photos/t/01E25EBZS3W0FY9GTG6C42E1SE/rsfit10801920gsm/images/2025/07/09/621b9609-6cbe-44f8-909b-32ac9267657e-1752029350036-cc3c69564eb4de3e615067158379679c.jpeg,https://s-light.tiket.photos/t/01E25EBZS3W0FY9GTG6C42E1SE/rsfit10801920gsm/images/2025/07/09/1df77018-31bc-47c6-9d7c-048520f9f2ac-1752029352439-8e50d48612d07b98a896397e659f58cb.jpeg,,,,,,,,
3,2,ADALAH,3 Juli 2025,Trip Keluarga,"2,4","Resepsionis tdk sopan pas minta ktp sy,sy kasih ktp pakai tangan kanan dia ambil ktp sy pakai tangan kiri,satpam di lobby jg seperti patung td ada ekspresi sama sekali,tdk senyum dan tdk sapa diam saj...Selengkapnya",Ulasan terverifikasi dari tiket.com,https://s-light.tiket.photos/t/01E25EBZS3W0FY9GTG6C42E1SE/rsfit19201080gsm/images/2025/07/03/7661f664-3081-4d9e-9237-b1b77af3272f-1751503283209-1883b64b29f31d597788330cf9126554.jpeg,,,,,,,,,
3,3,Misjunaling Palayukan,3 Juli 2025,Trip Keluarga,"5,0",Layanan pembersihan harian.,Ulasan terverifikasi dari tiket.com,https://s-light.tiket.photos/t/01E25EBZS3W0FY9GTG6C42E1SE/rsfit10801920gsm/images/2025/07/03/f64ee452-3e77-4011-a1d9-2db433dae46d-1751493750066-5cabda42239157f4c0032eeaed73d01d.jpg,,,,,,,,,
3,4,INDAH SURYANINGSIH,23 Juni 2025,Trip Keluarga,"3,6","Letak hotel strategis, nyambung mall, hotel yang cocok untuk istirahat bukan staycation, simple dan nyaman",Ulasan terverifikasi dari tiket.com,https://s-light.tiket.photos/t/01E25EBZS3W0FY9GTG6C42E1SE/rsfit10801920gsm/images/2025/06/23/a7be155f-409b-494d-85aa-ee3a18415f83-1750627009874-d4668ec3ce5673c64768fde25333184a.jpeg,,,,,,,,,
3,5,Fuji hidayanti,12 Juni 2025,Trip Keluarga,"5,0","Bagus sekali, sangat bagus",Ulasan terverifikasi dari tiket.com,https://s-light.tiket.photos/t/01E25EBZS3W0FY9GTG6C42E1SE/rsfit10801920gsm/images/2025/06/12/e3dcaf87-132f-4c33-94eb-b5066650593a-1749724793264-31c89c06e4d0e045e2a0f0d2da67025c.jpeg,,,,,,,,,
4,1,Garis Riska Agustina,27 Mei 2025,Trip Keluarga,"5,0","Mudik lebaran tahun 2025 tidur disini, dekat dgn transtudio",Ulasan terverifikasi dari tiket.com,https://s-light.tiket.photos/t/01E25EBZS3W0FY9GTG6C42E1SE/rsfit19201080gsm/images/2025/05/27/7c3ad596-dbb1-4f7c-8f8b-71ee82e6d799-1748347438601-356e2b23213ccb389877893dcc6ecc7f.jpg,,,,,,,,,
4,2,Rina Nurapriani,25 Mei 2025,Perjalanan Sendirian,"4,0",Banyak hantu tanpa kelapa hiii atut Excellent housekeeping.,Ulasan terverifikasi dari tiket.com,https://s-light.tiket.photos/t/01E25EBZS3W0FY9GTG6C42E1SE/rsfit10801920gsm/images/2025/05/25/8e50b579-c43d-4a80-ab9d-da1c10b3b8b4-1748185571193-fcc4e39cce5d0101aa5c958132c382cc.jpeg,https://s-light.tiket.photos/t/01E25EBZS3W0FY9GTG6C42E1SE/rsfit10801920gsm/images/2025/05/25/e86f4700-0475-4435-ab9e-2d146fa984dd-1748185568586-f55f4636d4182fde5a07fcd46e6cdc81.jpeg,https://s-light.tiket.photos/t/01E25EBZS3W0FY9GTG6C42E1SE/rsfit19201080gsm/images/2025/05/25/404b314d-6bff-408a-a58f-5baf98668d1b-1748185562920-11d2435e5998477a28cbba8b8c9ec424.jpeg,,,,,,,
4,3,mahmudah hutagalung,20 Mei 2025,Trip Pasangan,"5,0","Kereeen, bersihhhhh, ramah"" dech pokoknya",Ulasan terverifikasi dari tiket.com,https://s-light.tiket.photos/t/01E25EBZS3W0FY9GTG6C42E1SE/rsfit10801920gsm/images/2025/05/20/4eeaa6e0-ce51-471f-9438-439e597f0ccf-1747720796146-e82d61f5194efb6162ca36d11967bcd9.jpg,,,,,,,,,
4,4,Alien Lenda Swara,16 Mei 2025,Trip Keluarga,"4,2",Dekat dengan restoran. Suasana pinggiran kota yang tenang.,Ulasan terverifikasi dari tiket.com,https://s-light.tiket.photos/t/01E25EBZS3W0FY9GTG6C42E1SE/rsfit10801920gsm/images/2025/05/16/0ad45372-9914-4076-9493-203171555d1e-1747347574520-ef9a1b7ca47ec105442fa84e44c3303c.jpg,,,,,,,,,
4,5,RK,13 Mei 2025,Trip Keluarga,"5,0",Mantap semoga terus ditingkatkan pelayanan kebersihan dan keramahan staf sehingga pelanggan akan terus datang dan menambah keuntungan owner,Ulasan terverifikasi dari tiket.com,https://s-light.tiket.photos/t/01E25EBZS3W0FY9GTG6C42E1SE/rsfit19201080gsm/images/2025/05/13/2073be4c-6fba-400c-993f-43e4f684c856-1747095387889-b5208d2d1bff259221eb8ab0fed7b9b3.jpg,https://s-light.tiket.photos/t/01E25EBZS3W0FY9GTG6C42E1SE/rsfit19201080gsm/images/2025/05/13/6ae8e78c-545f-4fe4-b720-b37ed1ee7c38-1747095387934-2e85646a8c5f8035318fcca823bf5a27.jpg,https://s-light.tiket.photos/t/01E25EBZS3W0FY9GTG6C42E1SE/rsfit19201080gsm/images/2025/05/13/3302b95b-a392-4449-a988-9e347da93de3-1747095387988-26feba66395844c744b2fe04396aa648.jpg,,,,,,,
5,1,Rizqy Mukhlis Khoiruddin,13 Mei 2025,Trip Keluarga,"5,0",Mantap semoga terus ditingkatkan pelayanan kebersihan dan keramahan staf sehingga pelanggan akan terus datang dan menambah keuntungan owner,Ulasan terverifikasi dari tiket.com,https://s-light.tiket.photos/t/01E25EBZS3W0FY9GTG6C42E1SE/rsfit19201080gsm/images/2025/05/13/2690c063-8ceb-49ee-bcee-04afa55f81de-1747095369530-837b64222a1ef3a05a58ac3740046f85.jpg,https://s-light.tiket.photos/t/01E25EBZS3W0FY9GTG6C42E1SE/rsfit19201080gsm/images/2025/05/13/1c99caae-4a86-40dd-86d5-e561fd9c1138-1747095369364-5919dc01c1b6751ad3a4ab34c77b354c.jpg,https://s-light.tiket.photos/t/01E25EBZS3W0FY9GTG6C42E1SE/rsfit19201080gsm/images/2025/05/13/f35e9803-d4b3-448a-a368-4f40936f2452-1747095369592-813282f74c61535949380fe3f1f486e1.jpg,,,,,,,
5,2,RK,13 Mei 2025,Trip Keluarga,"5,0",Mantap semoga terus ditingkatkan pelayanan kebersihan dan keramahan staf sehingga pelanggan akan terus datang dan menambah keuntungan owner,Ulasan terverifikasi dari tiket.com,https://s-light.tiket.photos/t/01E25EBZS3W0FY9GTG6C42E1SE/rsfit19201080gsm/images/2025/05/13/b6838c71-7ba4-4769-8046-edfe303581ae-1747095353570-80ff3d56dcb41517c04b20777ef6d7c3.jpg,https://s-light.tiket.photos/t/01E25EBZS3W0FY9GTG6C42E1SE/rsfit19201080gsm/images/2025/05/13/b4016f2c-2237-4357-ad79-d483c80880b7-1747095353636-9338801e75be18226e94eb8819307b48.jpg,https://s-light.tiket.photos/t/01E25EBZS3W0FY9GTG6C42E1SE/rsfit19201080gsm/images/2025/05/13/13347c1b-9c83-4d2f-8f55-2b9805c839d4-1747095353665-cd30631c4654c258322e4412542573b4.jpg,,,,,,,
5,3,RT,8 Mei 2025,Trip Keluarga,"5,0",Nyaman kamarnya.. Ada gulingnya.. Dekat dgn masjid trans Tempat makan sekitar hotel jg banyak Sarapan bnyk variasi dan enak-anak,Ulasan terverifikasi dari tiket.com,https://s-light.tiket.photos/t/01E25EBZS3W0FY9GTG6C42E1SE/rsfit10801920gsm/images/2025/05/08/64d206ab-66eb-441f-928b-5099c9ba7c0e-1746674503891-fd558906cc9d972a4fa750b5a6d79f36.jpg,,,,,,,,,
5,4,KP,6 Mei 2025,Trip Pasangan,"4,8","Gak sempat lihat fasilitas disana, cuma datang jam 10 PM, c/o jam 8 pagi Untuk sarapan menunya lengkap bgt, dr roti”an, nasi”an, buah gorengan salad, dsb Air minum ambil sendiri di koridor sepuasnya",Ulasan terverifikasi dari tiket.com,https://s-light.tiket.photos/t/01E25EBZS3W0FY9GTG6C42E1SE/rsfit10801920gsm/images/2025/05/06/b47003dc-e7b0-41b4-9a6a-dbbde16ef9f9-1746544042080-50145fba3720917beadf464422a102bd.jpeg,https://s-light.tiket.photos/t/01E25EBZS3W0FY9GTG6C42E1SE/rsfit10801920gsm/images/2025/05/06/06b5573b-01df-4a29-8ace-17dcd698c852-1746544042600-060d6d5fc6f444bc04065cf1a2e64400.jpeg,https://s-light.tiket.photos/t/01E25EBZS3W0FY9GTG6C42E1SE/rsfit10801920gsm/images/2025/05/06/546dbdd6-7065-4033-9fe8-ff7bd77613c8-1746544041124-640a14014c298c82463fed238bb43901.jpeg,,,,,,,
5,5,Maya Sari,14 April 2025,Trip Keluarga,"4,8","Harga terjangkau, hotel bersih, staff ramah, interior elegant, makanannya enak, harga terjangkau, tapi sayang kolam renang hanya untuk kamar eksekutif aja, padahal anaknya sudah bawa baju renang....ta...Selengkapnya",Ulasan terverifikasi dari tiket.com,https://s-light.tiket.photos/t/01E25EBZS3W0FY9GTG6C42E1SE/rsfit10801920gsm/images/2025/04/14/f061668a-c424-4bf7-a8ec-238ce1cf8259-1744615092564-256ce5bf672cf776934ea829e3510531.jpg,https://s-light.tiket.photos/t/01E25EBZS3W0FY9GTG6C42E1SE/rsfit10801920gsm/images/2025/04/14/ef1b14ff-480c-4c2e-adbd-dd944042968f-1744615087345-00a3aeb57edbde8ca49d864c77fdf1f6.jpg,https://s-light.tiket.photos/t/01E25EBZS3W0FY9GTG6C42E1SE/rsfit10801920gsm/images/2025/04/14/0cfeff0e-8ca3-436e-a47d-3dcb38ed87f0-1744615087877-242a43e9b4bf2b1af0e8f1abf55a6a3c.jpg,https://s-light.tiket.photos/t/01E25EBZS3W0FY9GTG6C42E1SE/rsfit10801920gsm/images/2025/04/14/7dafaf75-c1f6-436a-a522-5760cba4b825-1744615087544-3892e0488a9bde07c7fe2b9fd69b5e60.jpg,https://s-light.tiket.photos/t/01E25EBZS3W0FY9GTG6C42E1SE/rsfit10801920gsm/images/2025/04/14/904409bf-b431-4a69-8459-b53b67548ecf-1744615092511-e918d5fae360844a8f642e0e6397ecaf.jpg,,,,,
6,1,Mahtra Djodi,12 April 2025,Perjalanan Bisnis,"5,0","Kamar tidak terlalu luas tapi nyaman untuk tidur, fasilitas lengkap, sarapan pagi super lengkap.",Ulasan terverifikasi dari tiket.com,https://s-light.tiket.photos/t/01E25EBZS3W0FY9GTG6C42E1SE/rsfit10801920gsm/images/2025/04/12/08f7d95b-f5d7-46d2-b4d9-1c78db5a108e-1744422203986-9bdd05ddbe26595cb4f8a5f9b684155e.jpg,https://s-light.tiket.photos/t/01E25EBZS3W0FY9GTG6C42E1SE/rsfit10801920gsm/images/2025/04/12/6d57f436-ec6a-42df-bd9f-e6678df6a6f0-1744422203997-2d2e1ed52af0c22d796002a75c930fc6.jpg,,,,,,,,
6,2,Eugenia Anastasia,11 April 2025,Trip Pasangan,"4,0","Bagus, nyaman, kamar mandinya bersih. Over all oke",Ulasan terverifikasi dari tiket.com,https://s-light.tiket.photos/t/01E25EBZS3W0FY9GTG6C42E1SE/rsfit10801920gsm/images/2025/04/11/da13c592-bd49-4cd2-962e-31b1bbfc0ee4-1744340463868-42ec30f4414edab5b4a9088f2aac3c73.jpeg,,,,,,,,,
6,3,Eko Purwanto,4 April 2025,Perjalanan Bisnis,"4,0",Harga kemahalan cm menang lokasi djt transtudio,Ulasan terverifikasi dari tiket.com,https://s-light.tiket.photos/t/01E25EBZS3W0FY9GTG6C42E1SE/rsfit10801920gsm/images/2025/04/04/f93f392d-1421-41d9-9771-5295a9eb662a-1743758573118-bed3ed9f8fca5c723f02a695d99d317a.jpeg,,,,,,,,,
6,4,Y Y,2 April 2025,Trip Keluarga,"5,0","Alhamdullilah hotelnya sangat bagus, Strategis, Nyaman dan sangat bersih",Ulasan terverifikasi dari tiket.com,https://s-light.tiket.photos/t/01E25EBZS3W0FY9GTG6C42E1SE/rsfit10801920gsm/images/2025/04/02/56e4b699-c1ae-43cf-a9c7-ee7d13aef898-1743606317746-8d59154e5a507607475f78a8561b7a05.jpg,https://s-light.tiket.photos/t/01E25EBZS3W0FY9GTG6C42E1SE/rsfit10801920gsm/images/2025/04/02/d380909c-af82-4162-9829-e41aab727f62-1743606395376-6d61da0293e00890dbfa2e6d6200ef4b.jpg,,,,,,,,
6,5,Inradona Simamora,31 Maret 2025,Trip Keluarga,"5,0","Makanannya enak, bersih",Ulasan terverifikasi dari tiket.com,https://s-light.tiket.photos/t/01E25EBZS3W0FY9GTG6C42E1SE/rsfit10801920gsm/images/2025/03/31/0c488b9b-b9b8-4638-a8f7-4bce1a310b4e-1743412092891-b38bd5573ca000e7abbc1b3971a0b013.jpeg,,,,,,,,,
7,1,REZA SEPTIANA,15 Februari 2025,Perjalanan Sendirian,"5,0","Hotel nya nyaman, ruangannya bersih, selangkah ke mall, good experiences",Ulasan terverifikasi dari tiket.com,https://s-light.tiket.photos/t/01E25EBZS3W0FY9GTG6C42E1SE/rsfit10801920gsm/images/2025/02/15/39b71121-f0a9-4542-a63c-309c47b6fcbd-1739577438886-ecd5164daf02b8292823e99bcd33ac9a.jpg,,,,,,,,,
7,2,Anna Anna,9 Februari 2025,Trip Keluarga,"4,0","Bagus, deket ke mall",Ulasan terverifikasi dari tiket.com,https://s-light.tiket.photos/t/01E25EBZS3W0FY9GTG6C42E1SE/rsfit10801920gsm/images/2025/02/09/9d78333d-eed3-4f34-b474-5cecc35f9375-1739073002587-02a05938271c47e3278a786f9dc2ced7.jpeg,,,,,,,,,
7,3,alwi muhammad salman,5 Februari 2025,Perjalanan Bisnis,"5,0",Bukan saya yang menginap tapi tidak ada komplain,Ulasan terverifikasi dari tiket.com,https://s-light.tiket.photos/t/01E25EBZS3W0FY9GTG6C42E1SE/rsfit10801920gsm/images/2025/02/05/4adfafca-20b6-4e40-9802-b0ab2bab7dc8-1738729292035-2f993f6872952a5a832e0b831c980d83.jpg,,,,,,,,,
7,4,alwi muhammad salman,5 Februari 2025,Perjalanan Bisnis,"5,0",Bukan saya yang menginap tapi tidak ada komplain,Ulasan terverifikasi dari tiket.com,https://s-light.tiket.photos/t/01E25EBZS3W0FY9GTG6C42E1SE/rsfit10801920gsm/images/2025/02/05/1dfdef13-de8d-4339-b639-5a11a43af0ae-1738729272737-274755f30d010fb059e4034527e9029d.jpg,,,,,,,,,
7,5,AP,4 Februari 2025,Trip bareng Teman,"5,0",Kuliner yang tak terlupakan.,Ulasan terverifikasi dari tiket.com,https://s-light.tiket.photos/t/01E25EBZS3W0FY9GTG6C42E1SE/rsfit19201080gsm/images/2025/02/04/1660f33c-60c1-429d-8748-6966269cab78-1738617924618-035d036f4d177d31e6b3a0b5a9a15b82.jpg,,,,,,,,,
8,1,WR,3 Februari 2025,Trip Keluarga,"2,6","baru kali ini kecewa sama tiket.com dan pelayanan ibis which is Accor group yg selama ini terdepan dengan pelayanannnya.. saya pesan kamar untuk 3D2N dengan Sarapan untuk 1 dewasa dan 1 anak, memasuka...Selengkapnya",Ulasan terverifikasi dari tiket.com,https://s-light.tiket.photos/t/01E25EBZS3W0FY9GTG6C42E1SE/rsfit10801920gsm/images/2025/02/03/455a7800-9ebc-449f-a3a0-21045b85bf19-1738565459249-42062a5c41224d7b2cf43a896be0c4e9.jpg,,,,,,,,,
8,2,Yara Yulita,1 Februari 2025,Trip Keluarga,"5,0","Alhamdullilah.. Ibis Trans Bandung, tempat bagi keluarga selalu menginap ketika dibandung, dan berlangsung tahunan.. hotel terbaik, tentunya berkat ticket.com. Hemat biaya.",Ulasan terverifikasi dari tiket.com,https://s-light.tiket.photos/t/01E25EBZS3W0FY9GTG6C42E1SE/rsfit10801920gsm/images/2025/02/01/2be31486-b69f-42ad-b15d-bb0ac1fae74e-1738348717864-7fba0f90d9a3b51150c9ecb57af0a079.jpg,https://s-light.tiket.photos/t/01E25EBZS3W0FY9GTG6C42E1SE/rsfit10801920gsm/images/2025/02/01/35611fbe-ec5c-405a-ad60-a1f79b71f028-1738348717961-acf6ef5ff412db2594fd13a290c3e3b2.jpg,,,,,,,,
8,3,safitri r,30 Januari 2025,Trip Keluarga,"2,8","baru kali ini nginep di Ibis ngalamin hal kurang oke. pertama datang ternyata tidak dapat kamar seharusnya, kami pesan dengan queen bed sesuai aplikasi, sampai sana diberi pilihan jika sesuai pesanan ...Selengkapnya",Ulasan terverifikasi dari tiket.com,https://s-light.tiket.photos/t/01E25EBZS3W0FY9GTG6C42E1SE/rsfit10801920gsm/images/2025/01/30/d6b71164-10c2-4c32-a604-8d8640586236-1738245180918-a8434c6cdf0022d0239cc49d43608022.jpeg,,,,,,,,,
8,4,Ade Nurul Fitria,27 Januari 2025,Trip Keluarga,"5,0",Hemat uang tapi tetap mewah.,Ulasan terverifikasi dari tiket.com,https://s-light.tiket.photos/t/01E25EBZS3W0FY9GTG6C42E1SE/rsfit10801920gsm/images/2025/01/27/903c0884-cd48-4c55-8aad-a06cddf7c4f6-1737910896380-913196119041ed010c6404cd73c672f8.jpeg,https://s-light.tiket.photos/t/01E25EBZS3W0FY9GTG6C42E1SE/rsfit10801920gsm/images/2025/01/27/f62ee313-263c-4303-8fcf-5c16afa5abcf-1737910896081-a00a8d01b9427e40f98055ccb8b6d6b4.jpeg,,,,,,,,
8,5,RIZKIAH Kiky,23 Januari 2025,Trip Pasangan,"5,0",Pemandangan kota yang megah.,Ulasan terverifikasi dari tiket.com,https://s-light.tiket.photos/t/01E25EBZS3W0FY9GTG6C42E1SE/rsfit10801920gsm/images/2025/01/23/fe86297e-0097-4543-8f94-89a9756e3631-1737596919009-423a55533f68537de3c20b1463ffd619.jpeg,,,,,,,,,
9,1,Ramadhani Imansari,20 Januari 2025,Trip Pasangan,"5,0",kalo ke bandung selalu menginap di hotel Ibis trans studio karna suka mepet dekat mall & makanan banyak pilihannya 👍🏼,Ulasan terverifikasi dari tiket.com,https://s-light.tiket.photos/t/01E25EBZS3W0FY9GTG6C42E1SE/rsfit10801920gsm/images/2025/01/20/97a05f29-f0a5-4a16-a042-5235b4087b62-1737334384574-a647be04c5dc61e100322751d6a9f60b.jpeg,,,,,,,,,
9,2,Rina Nurapriani,18 Januari 2025,Perjalanan Sendirian,"4,4",Anginya kykny eror bner2 ky angin tornado g*** plg2 sakit flu batuk masup angin parah2,Ulasan terverifikasi dari tiket.com,https://s-light.tiket.photos/t/01E25EBZS3W0FY9GTG6C42E1SE/rsfit10801920gsm/images/2025/01/18/c4a38c83-5512-471e-b6e1-7134fa0e4123-1737212471305-602f2362e27fb2aea173dde9020c2c84.jpeg,https://s-light.tiket.photos/t/01E25EBZS3W0FY9GTG6C42E1SE/rsfit10801920gsm/images/2025/01/18/85291c0c-831a-4b16-ba1b-d8e597501ac4-1737212467600-1608a61b192019b2181fed7132f9c701.jpeg,https://s-light.tiket.photos/t/01E25EBZS3W0FY9GTG6C42E1SE/rsfit10801920gsm/images/2025/01/18/02616e41-1739-44cb-a278-01aefe3173c6-1737212468108-d6ea4474b0fde5ced5e0f77b1c951a7c.jpeg,,,,,,,
9,3,DM,15 Januari 2025,Perjalanan Bisnis,"5,0","Kamar terjaga bersih. Kualitas layanan terbaik. Budget-friendly, pengalaman istimewa. Staf yang luar biasa.",Ulasan terverifikasi dari tiket.com,https://s-light.tiket.photos/t/01E25EBZS3W0FY9GTG6C42E1SE/rsfit10801920gsm/images/2025/01/15/e062ae5a-c42a-4479-809e-a1c0df922469-1736910020017-bfa6f111591183456d757e83d2242dff.jpeg,https://s-light.tiket.photos/t/01E25EBZS3W0FY9GTG6C42E1SE/rsfit10801920gsm/images/2025/01/15/44d5b9d8-dec5-4673-9426-86859c534c7e-1736910019516-7a6af22dfd065bfa95933ceff3461228.jpeg,https://s-light.tiket.photos/t/01E25EBZS3W0FY9GTG6C42E1SE/rsfit10801920gsm/images/2025/01/15/a0427094-0cfa-496b-b11b-009779321167-1736910012972-f7f7311d9267df5bb242e69b357a8895.jpeg,https://s-light.tiket.photos/t/01E25EBZS3W0FY9GTG6C42E1SE/rsfit10801920gsm/images/2025/01/15/0bc8d61a-4b05-44e9-a003-a892a07a04c0-1736910018257-2cdec41666c815709b4d98facb36fdf8.jpeg,https://s-light.tiket.photos/t/01E25EBZS3W0FY9GTG6C42E1SE/rsfit10801920gsm/images/2025/01/15/516a0940-5798-44ee-bd24-6fb57ea6df78-1736910018243-4d27a675da9ba396f053d72a95417cef.jpeg,,,,,
9,4,Rosi Kumalasari,13 Januari 2025,Trip Keluarga,"4,0","Puas menginap di Hotel Ibis Trans, apalagi dengan memilih tipe kamar Executive..anak2 jadi bisa berenang di Trans Luxury walaupun jln nya sedikit jauh yah atau keluar dr hotel dlu but its ok for us. A...Selengkapnya",Ulasan terverifikasi dari tiket.com,https://s-light.tiket.photos/t/01E25EBZS3W0FY9GTG6C42E1SE/rsfit10801920gsm/images/2025/01/13/946c88cd-235b-4e39-b6e7-498b23cb8646-1736737851091-c2ed5a66a671a25a5ec4d6265a9884c3.jpg,https://s-light.tiket.photos/t/01E25EBZS3W0FY9GTG6C42E1SE/rsfit10801920gsm/images/2025/01/13/825f378e-022e-46c4-aeb3-baf641cf5e0b-1736737891323-1f2c04c8ab763cb2170c3b03456c2b3f.jpg,,,,,,,,
9,5,Mega Juwita,11 Januari 2025,Trip Keluarga,"5,0",Nyamam bangett ... Staff ramah. Depan kamar disediakan dispenser air minum Refill ...,Ulasan terverifikasi dari tiket.com,https://s-light.tiket.photos/t/01E25EBZS3W0FY9GTG6C42E1SE/rsfit10801920gsm/images/2025/01/11/9cff563f-e5ca-4e0d-a5b2-c7c47d758260-1736600810103-3af99b42c761a64c895861ea77dec651.jpg,https://s-light.tiket.photos/t/01E25EBZS3W0FY9GTG6C42E1SE/rsfit10801920gsm/images/2025/01/11/812dcf7c-6064-4e79-b014-e56bbf0740c5-1736600811320-e52663d3df77284ed6fc7640c554cf98.jpg,https://s-light.tiket.photos/t/01E25EBZS3W0FY9GTG6C42E1SE/rsfit10801920gsm/images/2025/01/11/49f15705-c1d0-4883-8542-78547e63a6ec-1736600812193-3ee7402b2afab20d06fd3a56d9cdfcf2.jpg,https://s-light.tiket.photos/t/01E25EBZS3W0FY9GTG6C42E1SE/rsfit10801920gsm/images/2025/01/11/a1506d7b-50f3-48ba-be34-677172999548-1736600808764-66ad134d5da54061aa53cea93b33cb25.jpg,,,,,,
10,1,Aulia Asyira,8 Januari 2025,Trip Keluarga,"3,0",Lokasi yang ideal. Kebersihan dan kenyamanan nomor satu.,Ulasan terverifikasi dari tiket.com,https://s-light.tiket.photos/t/01E25EBZS3W0FY9GTG6C42E1SE/rsfit10801920gsm/images/2025/01/08/24642fe3-056a-467b-9829-1fc486941ba8-1736320246982-f21bdeb7de794b5410945c7a764ec127.jpeg,https://s-light.tiket.photos/t/01E25EBZS3W0FY9GTG6C42E1SE/rsfit10801920gsm/images/2025/01/08/defa2742-f9b0-4444-b38f-6d9ab79b52e2-1736320247247-bede1cfb29a0e588e7c6b2dca668657e.jpeg,https://s-light.tiket.photos/t/01E25EBZS3W0FY9GTG6C42E1SE/rsfit10801920gsm/images/2025/01/08/aefc94d6-c3d5-4bcd-be9e-1831d09a92f0-1736320250414-73d1f4236028a118a4609d131b3a6b7d.jpeg,,,,,,,
10,2,Dimarahi,7 Januari 2025,Trip Keluarga,"4,0","Akses mudah, nempel sama TSM, enak kl mau cari barang di Mall deket tinggal jalan, mau main ke Trams studio jg tinggal jalan, parkiran basement ada 3 level, aman lah bisa dpt parkir di musim liburan.....Selengkapnya",Ulasan terverifikasi dari tiket.com,https://s-light.tiket.photos/t/01E25EBZS3W0FY9GTG6C42E1SE/rsfit10801920gsm/images/2025/01/07/759bd2dc-343b-444d-87db-914c050ec222-1736248035767-821ddc01b57d3e9ea2bbe083ca326279.jpg,https://s-light.tiket.photos/t/01E25EBZS3W0FY9GTG6C42E1SE/rsfit19201080gsm/images/2025/01/07/77593d6b-bed8-4d34-aeab-24f1584c3680-1736248035578-6766c2e2435ceff722e71d0f45446536.jpg,,,,,,,,
10,3,Dearrani membacakan,31 Desember 2024,Trip Keluarga,"5,0","Mantap... Sarapan lengkap, g sangka bintang 3 tp se se se keren ini. Tinggal belok kanan udh lsg ke mall. Belok kiri ada byk jajanan jalanan. Wes ga menyesal bobok sini",Ulasan terverifikasi dari tiket.com,https://s-light.tiket.photos/t/01E25EBZS3W0FY9GTG6C42E1SE/rsfit10801920gsm/images/2024/12/31/2dae2e52-48e4-4248-9fa2-885155e1cd42-1735637333344-aebad57e7d254c99b539372f7973887c.jpg,,,,,,,,,
10,4,SW,28 Desember 2024,Trip Pasangan,"5,0","Hotel yang sangat ramah sekali staf nya, bersih dan sangat luar biasa menyenangkan Lingkungan bersih dan terawat. Tersedia area bermain anak-anak. Tersedia area bermain anak-anak. Lokasi di pusat kota...Selengkapnya",Ulasan terverifikasi dari tiket.com,https://s-light.tiket.photos/t/01E25EBZS3W0FY9GTG6C42E1SE/rsfit10801920gsm/images/2024/12/28/fb357686-d218-4940-8b93-538c058a4aae-1735402120573-00a52de76467c0604a0fd09af51b33fc.jpeg,https://s-light.tiket.photos/t/01E25EBZS3W0FY9GTG6C42E1SE/rsfit10801920gsm/images/2024/12/28/0a350655-d289-4972-b5a9-b737b27ee5db-1735402120754-f8c7b6ace00ed354ac351238acd4cf62.jpeg,https://s-light.tiket.photos/t/01E25EBZS3W0FY9GTG6C42E1SE/rsfit19201080gsm/images/2024/12/28/d6f611c1-372f-4da7-b61e-c8771e59a4ae-1735402116107-aa9092377d04c0397250d7e0697a6edd.jpeg,https://s-light.tiket.photos/t/01E25EBZS3W0FY9GTG6C42E1SE/rsfit10801920gsm/images/2024/12/28/491d5758-a083-4dd2-a9fe-0e3f8d8be42a-1735402119092-33a42b6757078bb18a95959b3b45dc36.jpeg,,,,,,
10,5,II,28 Desember 2024,Trip Pasangan,"4,2",Suasananya ramai di akhir tahun sehingga waktu check-in agak lama.,Ulasan terverifikasi dari tiket.com,https://s-light.tiket.photos/t/01E25EBZS3W0FY9GTG6C42E1SE/rsfit19201080gsm/images/2024/12/28/8497e963-7eed-4630-805b-1debee8157ac-1735369184630-9cf8ab7ef3676ffd40afb7abfee34d9d.jpg,,,,,,,,,
11,1,Gasceh Mawan,28 Desember 2024,Perjalanan Bisnis,"3,0","Kamar ada pilihan smoking, sarapan ok/bnyk pilihan. tp twin bednya kecil, &pintu KM tanpa kunci.",Ulasan terverifikasi dari tiket.com,https://s-light.tiket.photos/t/01E25EBZS3W0FY9GTG6C42E1SE/rsfit19201080gsm/images/2024/12/28/75be6ec6-3ffe-4408-a0ad-8f9f3020df36-1735346536517-ddf6d1e79d90fefa0745dcf2ee5b09ef.jpg,,,,,,,,,
11,2,Kepala Desa Yesnita,21 Desember 2024,Trip Keluarga,"4,4",Ok banget Layanan valet sangat baik. Layanan valet sangat baik.,Ulasan terverifikasi dari tiket.com,https://s-light.tiket.photos/t/01E25EBZS3W0FY9GTG6C42E1SE/rsfit10801920gsm/images/2024/12/21/4cbcd411-ea5c-4b40-acb0-446c6b1b90ad-1734766790904-710d626bc6ef322f0df5bd10ec183037.jpeg,,,,,,,,,
11,3,XW,18 Desember 2024,Trip Keluarga,"5,0","Nyaman bagus lokasi strategis, pilihan selalu",Ulasan terverifikasi dari tiket.com,https://s-light.tiket.photos/t/01E25EBZS3W0FY9GTG6C42E1SE/rsfit19201080gsm/images/2024/12/18/941ca117-3bdd-438d-b2ad-fe5c218a5d48-1734531995891-d56fbc153ddd672de5cc8933eb718cab.jpg,,,,,,,,,
11,4,Noval Ade Miharyo,18 Desember 2024,Trip Keluarga,"4,0",Rapi dan bersih.sayang belum ada kolam renang,Ulasan terverifikasi dari tiket.com,https://s-light.tiket.photos/t/01E25EBZS3W0FY9GTG6C42E1SE/rsfit19201080gsm/images/2024/12/18/43950328-100a-470c-8abf-b6db8113c3cb-1734489624285-3e7fc26d96ce047cb6ecb4db7264ad85.jpeg,,,,,,,,,
11,5,Tempat Istirahat Stefanie,2 Desember 2024,Perjalanan Sendirian,"5,0",Nyaman banget kok. Staf ramah semua. Kamar bersih dan dingin walaupun aku ga nyalain AC. Kamar mandi ada hair dryer tuh bener2 ngebantu bangetttt buat yg terpaksa keramas malem dan biar cepet tidur la...Selengkapnya,Ulasan terverifikasi dari tiket.com,https://s-light.tiket.photos/t/01E25EBZS3W0FY9GTG6C42E1SE/rsfit10801920gsm/images/2024/12/02/2e5266f8-ceb2-4834-90cd-2b6bc3d0bc28-1733102325512-f7d7ab28f7bb0240e386c898c6747413.jpg,https://s-light.tiket.photos/t/01E25EBZS3W0FY9GTG6C42E1SE/rsfit10801920gsm/images/2024/12/02/22205a4a-577d-42d4-a514-b47affeaeb46-1733102357068-4d3fc95c5c9c10fc85b6e3555054d831.jpg,,,,,,,,
12,1,Agresta Sahla Fitria Nisa,29 November 2024,Perjalanan Sendirian,"5,0",Sanitasi sangat baik. Ada program keluarga sepanjang tahun. Dekat dengan pusat kebugaran. Parkir terawat rapi. Staf sopan banget.,Ulasan terverifikasi dari tiket.com,https://s-light.tiket.photos/t/01E25EBZS3W0FY9GTG6C42E1SE/rsfit10801920gsm/images/2024/11/29/8a48b7ce-cdd8-46ef-bac3-4ee083dd5a25-1732876961065-d70bb3da5852089ce5d70093956f9237.jpeg,https://s-light.tiket.photos/t/01E25EBZS3W0FY9GTG6C42E1SE/rsfit10801920gsm/images/2024/11/29/1bf4d46c-432d-4366-a95e-c2f79d0991b7-1732876962817-8a230369848f50f2295dadcebefcdff1.jpeg,https://s-light.tiket.photos/t/01E25EBZS3W0FY9GTG6C42E1SE/rsfit10801920gsm/images/2024/11/29/ef1e90e3-fb9f-448b-aa66-d462893e3e4e-1732876962084-2a0a2eca06be2849e077c699e800f730.jpeg,https://s-light.tiket.photos/t/01E25EBZS3W0FY9GTG6C42E1SE/rsfit10801920gsm/images/2024/11/29/11066376-25eb-49d2-bcc0-4a376ee11f43-1732876962123-08aba760d168141b8fa0b2a9ebf354a7.jpeg,,,,,,
12,2,Nyulis Widiastuti,27 November 2024,Trip bareng Teman,"5,0",Pilih menginap di Ibis Trans tidaknlain karena lokasi strategis kebetulan saya dan teman ada acara nonton konser sheila on seven pada tanggal tersebut di Bandung. Biar ga pusing mikirin mau makan dima...Selengkapnya,Ulasan terverifikasi dari tiket.com,https://s-light.tiket.photos/t/01E25EBZS3W0FY9GTG6C42E1SE/rsfit19201080gsm/images/2024/11/27/01b3735c-3c36-4584-ba9a-47ade29a764e-1732709291133-3d1507386efcec40f56133e6078e4808.jpeg,https://s-light.tiket.photos/t/01E25EBZS3W0FY9GTG6C42E1SE/rsfit19201080gsm/images/2024/11/27/64660b9d-15c8-4e2f-bbae-054a20e46311-1732709292766-ad9b0a7644f0e678ff1403d777d4e7ad.jpeg,https://s-light.tiket.photos/t/01E25EBZS3W0FY9GTG6C42E1SE/rsfit10801920gsm/images/2024/11/27/07c7a20b-3245-4990-a9f6-2eca3b5188cb-1732709294886-649eba9532537dcdfd4e13f3b82b4923.jpeg,https://s-light.tiket.photos/t/01E25EBZS3W0FY9GTG6C42E1SE/rsfit19201080gsm/images/2024/11/27/7df17ced-11e6-418d-bd93-f1b1c24a7eac-1732709292583-9f4411a427d7218b6889248970935e0e.jpeg,https://s-light.tiket.photos/t/01E25EBZS3W0FY9GTG6C42E1SE/rsfit10801920gsm/images/2024/11/27/e77097b9-4fd5-4dad-a248-d53d90417c8a-1732709289745-062448cf26c82f89a543bd22d101735e.jpeg,https://s-light.tiket.photos/t/01E25EBZS3W0FY9GTG6C42E1SE/rsfit10801920gsm/images/2024/11/27/06cba3f6-17ba-4f96-ab78-1bd02df1a8f6-1732709296110-afab0cb44371a64519cf5d5e7768e393.png,https://s-light.tiket.photos/t/01E25EBZS3W0FY9GTG6C42E1SE/rsfit10801920gsm/images/2024/11/27/8441fe99-32f7-439d-8578-7bddcf356637-1732709279854-f015c571f946b5bf83342f858226ef3d.png,https://s-light.tiket.photos/t/01E25EBZS3W0FY9GTG6C42E1SE/rsfit10801920gsm/images/2024/11/27/136fa03d-15d7-460d-935b-4e40fbf027a7-1732709296094-63d21e478e2a014018a4aea05be6a14b.jpeg,,
12,3,Xindy Gloria Angela Wangke,21 November 2024,Trip Pasangan,"4,0","Terbaik.. langganan nginep disini semua ok banget, harga mmg lumayan tp worth it",Ulasan terverifikasi dari tiket.com,https://s-light.tiket.photos/t/01E25EBZS3W0FY9GTG6C42E1SE/rsfit10801920gsm/images/2024/11/21/f26961e3-f8bc-4742-a2f5-e8b731689ff6-1732167524589-deac8030a6c33df97ee6fbe7c86987d5.jpg,,,,,,,,,
12,4,RW,21 November 2024,Trip Keluarga,"3,0","Kurang diperhatikan kebersihannya, guling tdk pakai sarung dan berwarna kuning ada bercak bekas iler",Ulasan terverifikasi dari tiket.com,https://s-light.tiket.photos/t/01E25EBZS3W0FY9GTG6C42E1SE/rsfit10801920gsm/images/2024/11/21/1a476a7d-68f1-4633-89c3-67122860f543-1732167180538-124766077f094df51fa5952f7a2393d3.jpg,,,,,,,,,
12,5,Xindy Gloria Angela Wangke,21 November 2024,Trip Keluarga,"4,0",Udah yg terbaik lah ini pokoknya. Gada lawan pokoknya,Ulasan terverifikasi dari tiket.com,https://s-light.tiket.photos/t/01E25EBZS3W0FY9GTG6C42E1SE/rsfit19201080gsm/images/2024/11/21/bae5cf4c-9b6b-4e5c-91d7-308afb32cec4-1732167264415-ce52b8a46b4dfdeab4ab12b148038ae7.jpg,,,,,,,,,
13,1,A A,9 November 2024,Trip bareng Teman,"4,0",Harga ramah kantong. Pelayan yang cekatan dan terlatih.,Ulasan terverifikasi dari tiket.com,https://s-light.tiket.photos/t/01E25EBZS3W0FY9GTG6C42E1SE/rsfit10801920gsm/images/2024/11/09/bc16e7b8-f3a9-468f-8d6e-2a3a34ce5dcc-1731146739386-4dddd5cf70497108ae8684c0e8e0d1b4.jpeg,https://s-light.tiket.photos/t/01E25EBZS3W0FY9GTG6C42E1SE/rsfit10801920gsm/images/2024/11/09/dde934d0-3ec4-4a06-ad04-b20807aa6e27-1731146737385-b54774abe666de0bc869798367de38f2.jpeg,https://s-light.tiket.photos/t/01E25EBZS3W0FY9GTG6C42E1SE/rsfit10801920gsm/images/2024/11/09/1976f414-d78f-4c19-ab5c-99f4d6b7851c-1731146728141-c3d027dbb9a39adec8966b7e58a20601.jpeg,https://s-light.tiket.photos/t/01E25EBZS3W0FY9GTG6C42E1SE/rsfit10801920gsm/images/2024/11/09/7a91a3f4-7d45-47ed-b107-777fc66d2f42-1731146744670-460a4e3a0ddb7ee665bdf278d95c952f.jpeg,https://s-light.tiket.photos/t/01E25EBZS3W0FY9GTG6C42E1SE/rsfit10801920gsm/images/2024/11/09/c1909193-d38c-4399-a895-c13084163ea5-1731146745684-1cef78b5de753030c3ef8e4f2c8cb6f0.jpeg,,,,,
13,2,Tuhan Julinata,9 November 2024,Trip Pasangan,"5,0",Kamar bagus. Fasilitas lengkap. Dekat dengan pusat kota.,Ulasan terverifikasi dari tiket.com,https://s-light.tiket.photos/t/01E25EBZS3W0FY9GTG6C42E1SE/rsfit10801920gsm/images/2024/11/09/59b42842-97c9-4a04-8fc3-8afa11e8997f-1731103715066-5446c99205f3c93823fcd3d69864c446.jpeg,,,,,,,,,
13,3,Nurul Fitriana,15 Oktober 2024,Perjalanan Bisnis,"4,6","menginap 2 malam namun dengan 2 booking order yg terpisah. saat chekin sudah menyampaikan klo punya 2 booking order dengan harga sama, minta untuk 2 malam tsb tdk perlu pindah kamar. sudah di oke-kan ...Selengkapnya",Ulasan terverifikasi dari tiket.com,https://s-light.tiket.photos/t/01E25EBZS3W0FY9GTG6C42E1SE/rsfit10801920gsm/images/2024/10/15/ff99e925-6b85-4919-84c2-9c7861b3f2d4-1728957473974-1217d3caa8a5a67ecba133ca4a600e71.jpg,https://s-light.tiket.photos/t/01E25EBZS3W0FY9GTG6C42E1SE/rsfit10801920gsm/images/2024/10/15/7465b8af-239e-459f-aaa4-589d26776bdf-1728957475112-bab324d937a9f7e78cc7b822db5399cb.jpg,,,,,,,,
13,4,SE,14 September 2024,Trip Pasangan,"5,0",hotel nya bagus banget bersih,Ulasan terverifikasi dari tiket.com,https://s-light.tiket.photos/t/01E25EBZS3W0FY9GTG6C42E1SE/rsfit10801920gsm/images/2024/09/14/07d41f2d-e663-42ad-b923-b41fb568d442-1726324836316-62827f50c9a4c479189484215b8c03e6.jpeg,https://s-light.tiket.photos/t/01E25EBZS3W0FY9GTG6C42E1SE/rsfit10801920gsm/images/2024/09/14/7972383d-1ca3-4d4a-96c6-b7fb362ab1aa-1726324836309-8813a6d004d17b03ee486a946b084e46.jpeg,,,,,,,,
13,5,Rinny Putri Dwi Puspanti,5 September 2024,Perjalanan Sendirian,"5,0","Terbaik nginep disini affordable pemandangan nya mantap. Sesuai request an . Gemes kan di tulisin di kaca , ini free loh mana di kasih mini cake lagi. Terbaik banget. Mau ngemall tinggal jalan kaki ke...Selengkapnya",Ulasan terverifikasi dari tiket.com,https://s-light.tiket.photos/t/01E25EBZS3W0FY9GTG6C42E1SE/rsfit10801920gsm/images/2024/09/05/62c895b3-9922-439a-a65b-e2e556d2285d-1725536292077-ea8879e7dacb0915bb542e7d5b44bea0.jpeg,https://s-light.tiket.photos/t/01E25EBZS3W0FY9GTG6C42E1SE/rsfit10801920gsm/images/2024/09/05/4965f640-89d7-4803-96f5-ffaa1377a63d-1725536293063-003a77d4064059ea08d11dc3dd9c43c8.jpeg,https://s-light.tiket.photos/t/01E25EBZS3W0FY9GTG6C42E1SE/rsfit10801920gsm/images/2024/09/05/47c32fa5-523b-4be5-89a3-9c4e0d892492-1725536293793-bf8d2cff03e2a29f397692d3982a9ee8.jpeg,https://s-light.tiket.photos/t/01E25EBZS3W0FY9GTG6C42E1SE/rsfit10801920gsm/images/2024/09/05/20e935d4-bbcf-4191-b216-9778722f1086-1725536290490-c9c5f13d722a02aafb62fcbace768608.jpeg,,,,,,
14,1,Sonny Liza Perdana,31 Agustus 2024,Trip Keluarga,"4,4",Ruangan bersih dan segar.,Ulasan terverifikasi dari tiket.com,https://s-light.tiket.photos/t/01E25EBZS3W0FY9GTG6C42E1SE/rsfit10801920gsm/images/2024/08/31/a0849f8a-eb26-498f-8fe9-1a3ba9cbb759-1725066292119-80d6946ab1c84ac05fd51a5d9f276666.jpeg,,,,,,,,,
14,2,NM,15 Agustus 2024,Perjalanan Bisnis,"5,0","Makanan nya mantab,ya banyak ya enak, staff restaurant ramah, sayang makanan jauh dari tempat duduk😀 Standar kebersihan luar biasa. Menu bervariasi dan lezat. Pelayanan untuk tamu sangat istimewa.",Ulasan terverifikasi dari tiket.com,https://s-light.tiket.photos/t/01E25EBZS3W0FY9GTG6C42E1SE/rsfit19201080gsm/images/2024/08/15/dabc8e00-3779-4eb8-8206-5fb5f12817e5-1723705817425-dd230a8b027b812df0067b09ed0dfb8d.jpg,,,,,,,,,
14,3,Rizky Arya senjaya,22 Juli 2024,Trip Pasangan,"5,0",Tempat nya nyaman dan room nya bersih Resepsionis terlatih dengan baik.,Ulasan terverifikasi dari tiket.com,https://s-light.tiket.photos/t/01E25EBZS3W0FY9GTG6C42E1SE/rsfit10801920gsm/images/2024/07/22/a4787467-a3db-4b89-97b0-a1dc15899b57-1721647784439-67a776d0010b7ffbfdbf5d560740404f.jpeg,,,,,,,,,
14,4,ALPIN ISTANTO,15 Juli 2024,Perjalanan Bisnis,"4,0","Hotel ekonomis, pengalaman oke. Penuh keramahan. Cari apapun dekat, dalam komplek Trans Studio Mall.",Ulasan terverifikasi dari tiket.com,https://s-light.tiket.photos/t/01E25EBZS3W0FY9GTG6C42E1SE/rsfit10801920gsm/images/2024/07/15/b8684684-afee-4c20-90e9-216b55b25e7f-1721018649004-d564d712b15da31d5d139e218d148031.jpg,https://s-light.tiket.photos/t/01E25EBZS3W0FY9GTG6C42E1SE/rsfit19201080gsm/images/2024/07/15/014b3166-ffd3-4b7b-a075-0693a708e930-1721018650091-481290f34ea97e5ac84ad0b4c8c56107.jpg,https://s-light.tiket.photos/t/01E25EBZS3W0FY9GTG6C42E1SE/rsfit19201080gsm/images/2024/07/15/776b03a0-cdf3-4bc2-a54a-634470fd49f4-1721018649427-527795715304eb222dbedace8ab80277.jpg,,,,,,,
14,5,RY,11 Juli 2024,Trip Keluarga,"5,0","Suasana hidup. Dekat dengan mall Trans, jadi anak² betah nginep disini, menu sarapan byk, pegawainya ramah seperti mas Taufik, makasih IBIS hotel 🙏",Ulasan terverifikasi dari tiket.com,https://s-light.tiket.photos/t/01E25EBZS3W0FY9GTG6C42E1SE/rsfit19201080gsm/images/2024/07/11/8c722dcd-1256-46dc-83f8-8a1678cd1bb1-1720669167398-398e9526573caa2d22ac3f0a48f148ea.jpg,https://s-light.tiket.photos/t/01E25EBZS3W0FY9GTG6C42E1SE/rsfit10801920gsm/images/2024/07/11/07c03c7f-5b9b-4621-8879-0d2eb8229eb5-1720669172638-cb8489b810fd056bd197eeba9ef34d4a.jpg,https://s-light.tiket.photos/t/01E25EBZS3W0FY9GTG6C42E1SE/rsfit10801920gsm/images/2024/07/11/c0892b66-5d4f-4dfc-b8ed-c0c6d11f4b80-1720669173390-a488b0779b15e196412b6be129e0583d.jpg,https://s-light.tiket.photos/t/01E25EBZS3W0FY9GTG6C42E1SE/rsfit10801920gsm/images/2024/07/11/2f1afc8a-be7b-40ad-9ea6-28b6bec8d5ee-1720669173908-8ca881214f8c4ac9d387372a28c258b7.jpg,https://s-light.tiket.photos/t/01E25EBZS3W0FY9GTG6C42E1SE/rsfit10801920gsm/images/2024/07/11/a2cbfed6-2349-49d5-8dea-52f3cf93d2ca-1720669174078-7ff9582b5ad5e885982fffc488d96e23.jpg,https://s-light.tiket.photos/t/01E25EBZS3W0FY9GTG6C42E1SE/rsfit19201080gsm/images/2024/07/11/e088d875-847e-4145-974f-4f66ae00bd84-1720669172266-3d14deb81b6c676b701fb7605295f447.jpg,,,,
15,1,Anggota parlemen,8 Juli 2024,Trip Pasangan,"5,0","Saya baru saja menginap di Ibis Bandung Trans Studio dan harus saya akui bahwa pelayanannya luar biasa dari awal hingga akhir. Sejak saat saya tiba, saya disambut dengan hangat oleh para staf. Proses check-in... Selengkapnya",Ulasan terverifikasi dari tiket.com,https://s-light.tiket.photos/t/01E25EBZS3W0FY9GTG6C42E1SE/rsfit10801920gsm/images/2024/07/08/1788dbcb-1658-410b-93e9-dc05912e7424-1720413479044-b3d2fbe7f2e19cf73fc07d41a0a3b233.jpeg,https://s-light.tiket.photos/t/01E25EBZS3W0FY9GTG6C42E1SE/rsfit10801920gsm/images/2024/07/08/efbb6b56-758d-4c61-96f0-b2624665d6dc-1720413411707-74a099b5182686bd5404cfeb8776b59c.jpeg,https://s-light.tiket.photos/t/01E25EBZS3W0FY9GTG6C42E1SE/rsfit10801920gsm/images/2024/07/08/188de160-9725-47ba-871f-609e3c170d20-1720413412295-cb938edfc02f8076c4cd5b999e86d549.jpeg,,,,,,,
15,2,Mauritz Ernst Raramenusa Kansil,28 Juni 2024,Trip Keluarga,"5,0",Terbaik & sangat cocok dengan harga yang tidak buat kantong bolong,Ulasan terverifikasi dari tiket.com,https://s-light.tiket.photos/t/01E25EBZS3W0FY9GTG6C42E1SE/rsfit19201080gsm/images/2024/06/28/22b6fd9c-68d3-4480-bf65-72452bb0a112-1719576092041-ed4ff86305f4c142ca2790aa7be71be4.jpg,https://s-light.tiket.photos/t/01E25EBZS3W0FY9GTG6C42E1SE/rsfit10801920gsm/images/2024/06/28/45c7bd9c-6a03-4490-9efc-904c753e01ea-1719576092850-e717fbed816229e6f361f2f2515571e9.jpg,https://s-light.tiket.photos/t/01E25EBZS3W0FY9GTG6C42E1SE/rsfit19201080gsm/images/2024/06/28/2d331ea5-7f30-48c5-be9d-3cb44cedf93b-1719576093090-cb2ad1c460364d5b539de521de28cd55.jpg,https://s-light.tiket.photos/t/01E25EBZS3W0FY9GTG6C42E1SE/rsfit10801920gsm/images/2024/06/28/5a979f2b-a87e-4b45-9749-0bb6c1aa775e-1719576093223-44799ecc68b3045c17ff162a015536be.jpg,https://s-light.tiket.photos/t/01E25EBZS3W0FY9GTG6C42E1SE/rsfit10801920gsm/images/2024/06/28/732d11a8-44a8-40fd-a79d-93659bdf44c7-1719576093018-7e8e1e089abfd3fbf470ad9f54d94336.jpg,,,,,
15,3,LM,5 Juni 2024,Trip Pasangan,"5,0","Hrg worth it dg fasilitas. Pelayanan ok. Kebersihan juga ok pny. Breakfast banyak.varian. Mau ke TSM enak bgt, dekat tingal jln kaki. Pkknya ok dech nginap di sini.",Ulasan terverifikasi dari tiket.com,https://s-light.tiket.photos/t/01E25EBZS3W0FY9GTG6C42E1SE/rsfit10801920gsm/images/2024/06/05/909439b7-48b0-47c3-9edf-025f19b70602-1717541137032-ec7a29a491392a39b575e34fe1c95c98.jpg,https://s-light.tiket.photos/t/01E25EBZS3W0FY9GTG6C42E1SE/rsfit10801920gsm/images/2024/06/05/ba7944ec-e85f-4b8c-8af7-0ee16335615e-1717541138414-e5b5e569315de2f6dd17afb4b1b67010.jpg,,,,,,,,
15,4,KP,20 April 2024,Trip Pasangan,"5,0","Hotelnya bagus... makananya enak, pelayannya mantappp dan fasilitasnya okeh... mantappp",Ulasan terverifikasi dari tiket.com,https://s-light.tiket.photos/t/01E25EBZS3W0FY9GTG6C42E1SE/rsfit10801920gsm/images/2024/04/20/1ed36368-e088-4f46-9401-073bc8f22669-1713625267379-9e528f67148669fc71aa1548b04cf2c1.jpg,https://s-light.tiket.photos/t/01E25EBZS3W0FY9GTG6C42E1SE/rsfit10801920gsm/images/2024/04/20/de38fafc-46ed-4618-8905-151dd4a3b8d3-1713625357679-a9ea7cea289f383e1e1c395fd50e41eb.jpg,,,,,,,,
15,5,Adell Rialdy,18 Februari 2024,Perjalanan Sendirian,"5,0","Tempat yang bagus, hotel tersembunyi.",Ulasan terverifikasi dari tiket.com,https://s-light.tiket.photos/t/01E25EBZS3W0FY9GTG6C42E1SE/rsfit10801920gsm/images/2024/02/18/0cf0c764-2bc6-4738-8e1e-d6297dd8fb30-1708242761881-f8c158972e978c53ac21f621db6589f2.jpeg,,,,,,,,,
16,1,ITU,11 Januari 2024,Trip Keluarga,"4,4",Over all bagus Kolam renang anak aman. Kolam renang anak aman.,Ulasan terverifikasi dari tiket.com,https://s-light.tiket.photos/t/01E25EBZS3W0FY9GTG6C42E1SE/rsfit10801920gsm/images/2024/01/11/cdad3def-855e-4952-afef-05deb2ec43d8-1704986745604-a0f319f19b244fa28beb78a7ce8a5160.jpeg,https://s-light.tiket.photos/t/01E25EBZS3W0FY9GTG6C42E1SE/rsfit19201080gsm/images/2024/01/11/a8858ac6-2f87-45df-847b-321d1197ba78-1704986743415-862c9e289c34d15e5cfee72144d7983c.jpeg,https://s-light.tiket.photos/t/01E25EBZS3W0FY9GTG6C42E1SE/rsfit10801920gsm/images/2024/01/11/babe8963-460a-4a2d-9d56-9fe87f72dd9c-1704986743930-b9865d7196fcf6b10461929d56c38f3d.jpeg,https://s-light.tiket.photos/t/01E25EBZS3W0FY9GTG6C42E1SE/rsfit10801920gsm/images/2024/01/11/15ed7302-0d6d-46e7-97a9-a8fca11a34ea-1704986741792-0682bec3a52230c34a7adeb27c43b90b.jpeg,https://s-light.tiket.photos/t/01E25EBZS3W0FY9GTG6C42E1SE/rsfit10801920gsm/images/2024/01/11/269caeae-4ecd-4a20-a248-8db04f4301d2-1704986737761-adfebdd79725960ada69b99804842bc5.jpeg,,,,,
16,2,Junia Firdaus,28 Desember 2023,Trip Keluarga,"5,0",Bagus 👍👍👍👍👍,Ulasan terverifikasi dari tiket.com,https://s-light.tiket.photos/t/01E25EBZS3W0FY9GTG6C42E1SE/rsfit10801920gsm/images/2023/12/28/81e121e0-d1fe-4f21-a567-bde2fdc4ffe1-1703735241488-f572a94ce0fac73393f3ff460e17747a.jpeg,https://s-light.tiket.photos/t/01E25EBZS3W0FY9GTG6C42E1SE/rsfit10801920gsm/images/2023/12/28/8b033a56-bc01-4349-9935-fcddbd920a0c-1703735240748-dcf7bb63be5ed06c79a0f80461886e35.jpeg,,,,,,,,
16,3,sri puspita dewi,7 Desember 2023,,"5,0",Dekat dengan trans studio. Anak anak senang,Ulasan terverifikasi dari tiket.com,https://s-light.tiket.photos/t/01E25EBZS3W0FY9GTG6C42E1SE/rsfit10801920gsm/images/2023/12/07/18deb6b3-bf11-4394-92bc-a03f31eca0a8-1701934681247-50d4003a9e6da6085256e2fe0f4b62dc.jpg,https://s-light.tiket.photos/t/01E25EBZS3W0FY9GTG6C42E1SE/rsfit19201080gsm/images/2023/12/07/213c5c0d-47bb-4b43-9c96-cd44d51c6a8e-1701934682630-83b209b964427846d9400c9270d2df55.jpg,,,,,,,,
16,4,Mardhiah Endah Sari,30 November 2023,,"4,6",amaze banget sih dengan hotel ini ada gulingnya donk tapi yang paling disayangkan banget ya pas mau extend lah harganya berubah 2 kali lipat karena efek ada tamu pameran di hotel trans...dan satu lagi...Selengkapnya,Ulasan terverifikasi dari tiket.com,https://s-light.tiket.photos/t/01E25EBZS3W0FY9GTG6C42E1SE/rsfit10801920gsm/images/2023/11/30/8ff4ade0-2394-415d-9769-cef08d0c0ed7-1701338353306-474931f52a0588089138d16fe7ce75c6.jpeg,https://s-light.tiket.photos/t/01E25EBZS3W0FY9GTG6C42E1SE/rsfit10801920gsm/images/2023/11/30/59e452a3-9191-444d-bbec-d69b25c2a430-1701338408960-a9dc91145bbdf49865fffb7a4f6e4317.jpeg,https://s-light.tiket.photos/t/01E25EBZS3W0FY9GTG6C42E1SE/rsfit10801920gsm/images/2023/11/30/1b9f29fe-52b4-4343-929e-ed172a024823-1701338409155-4b188f16d02c43066dd1a0243f4f3c0c.jpeg,https://s-light.tiket.photos/t/01E25EBZS3W0FY9GTG6C42E1SE/rsfit10801920gsm/images/2023/11/30/a826c383-1ecb-466f-9f25-1f5089b4887c-1701338406662-72f64bf9f30fe7dd2f2ac030a445257b.jpeg,,,,,,
16,5,alvvin listya hardika,24 November 2023,Perjalanan Bisnis,"5,0",,Ulasan terverifikasi dari tiket.com,https://s-light.tiket.photos/t/01E25EBZS3W0FY9GTG6C42E1SE/rsfit10801920gsm/images/2023/11/24/535d89cc-829f-43ab-aa25-cf857f31ce5f-1700781225740-a6e9a53ae37a7601c3b43c7c8fd6aa94.jpeg,,,,,,,,,
17,1,LS,24 Oktober 2023,Trip Pasangan,"4,4",Sarapan nya the best banyak pilihan. Untuk kamar mandi kurang bersih ada kuning dan rambut dimana2 pas kami check in.,Ulasan terverifikasi dari tiket.com,https://s-light.tiket.photos/t/01E25EBZS3W0FY9GTG6C42E1SE/rsfit10801920gsm/images/2023/10/24/5da86d3c-7a20-406e-aae3-61be7f1743d5-1698118568727-a6156544679428ec55db21ab6abc7c28.jpg,https://s-light.tiket.photos/t/01E25EBZS3W0FY9GTG6C42E1SE/rsfit10801920gsm/images/2023/10/24/2132e55b-b648-410a-b9df-d800e1c93b90-1698118571978-483228f2d0ec5336df671f81dde4a64e.jpg,https://s-light.tiket.photos/t/01E25EBZS3W0FY9GTG6C42E1SE/rsfit10801920gsm/images/2023/10/24/d037171b-bc7b-4f2f-9c1f-d7324fa81e38-1698118571647-18e799f03fddfd3b2edef5435dd1dd7c.jpg,https://s-light.tiket.photos/t/01E25EBZS3W0FY9GTG6C42E1SE/rsfit10801920gsm/images/2023/10/24/b1d0d04a-ea86-4937-bb8d-25f08c7614e2-1698118571391-d4ba5cc8d4abc7ba074bc46fe255c41c.jpg,https://s-light.tiket.photos/t/01E25EBZS3W0FY9GTG6C42E1SE/rsfit10801920gsm/images/2023/10/24/409f855d-b90f-4132-879b-d9340538c625-1698118572084-31a24b314d18b96bb65167a38660a08c.jpg,https://s-light.tiket.photos/t/01E25EBZS3W0FY9GTG6C42E1SE/rsfit10801920gsm/images/2023/10/24/88ad0dc4-a86f-490f-8d33-29a4d4c5bba8-1698118912750-f9a18e551738b7b6e3849585fac8594e.jpg,https://s-light.tiket.photos/t/01E25EBZS3W0FY9GTG6C42E1SE/rsfit10801920gsm/images/2023/10/24/9114861d-c1f7-42ae-b0e2-d2dd3121a223-1698118911171-9d3bd076574e97bd5e184a585422daa6.jpg,https://s-light.tiket.photos/t/01E25EBZS3W0FY9GTG6C42E1SE/rsfit10801920gsm/images/2023/10/24/c4c5f153-b67e-4973-a155-1ef4c36bfcf7-1698118912569-f3fa2f9993ddc3ccdf798583beffd174.jpg,,
17,2,GG,25 September 2023,Perjalanan Sendirian,"5,0",Selalu nyaman kalo nginep disini,Ulasan terverifikasi dari tiket.com,https://s-light.tiket.photos/t/01E25EBZS3W0FY9GTG6C42E1SE/rsfit10801920gsm/images/2023/09/25/f4ecfbd2-f128-4ac1-b9fe-c796d807dda1-1695609008195-5d3ab5059087f7a86956e81694cb1ac5.jpeg,,,,,,,,,
17,3,Fatma Wati,8 September 2023,Trip Keluarga,"5,0",Kamar nya bersihhhhhh......pelayanaaaan nya ramahh...makaanaaaan nyaaa enaaaaakkk eeeenaaakkkk...keee mall tinggaaaallll jalaaaaann kaaaakiiiii...haaargaaa bersahaaabaaat.....next kalauuu keeee bandun...Selengkapnya,Ulasan terverifikasi dari tiket.com,https://s-light.tiket.photos/t/01E25EBZS3W0FY9GTG6C42E1SE/rsfit10801920gsm/images/2023/09/08/fd30a40e-0d9d-44c9-a780-552342709d71-1694161446482-2d76ac6426df433b96a92827d53fb4ef.jpeg,https://s-light.tiket.photos/t/01E25EBZS3W0FY9GTG6C42E1SE/rsfit10801920gsm/images/2023/09/08/3b337404-dbc4-470d-94bf-a6d360664d46-1694161448495-4b1b54db72ca06c605fd2a2d1472366b.jpeg,https://s-light.tiket.photos/t/01E25EBZS3W0FY9GTG6C42E1SE/rsfit10801920gsm/images/2023/09/08/b2e6f04f-6803-4eee-ab62-be60ff5c3e7e-1694161448171-797c7063b23d6b3b190a0afe1f3b0c56.jpeg,https://s-light.tiket.photos/t/01E25EBZS3W0FY9GTG6C42E1SE/rsfit10801920gsm/images/2023/09/08/9a73a571-3058-468b-a665-937fc54b8b08-1694161447732-63011adfb70d2ae00dc36bb10fbb819d.jpeg,https://s-light.tiket.photos/t/01E25EBZS3W0FY9GTG6C42E1SE/rsfit10801920gsm/images/2023/09/08/2eec15a8-dc68-4257-8d7a-53367f890148-1694161487461-c31ff247aa2e9c54f788d9ea7a87a94c.jpeg,,,,,
17,4,ADALAH,7 September 2023,Trip Keluarga,"5,0",Nyaman.. 🙏🏻,Ulasan terverifikasi dari tiket.com,https://s-light.tiket.photos/t/01E25EBZS3W0FY9GTG6C42E1SE/rsfit10801920gsm/images/2023/09/07/37a1cf46-cac8-44ef-8cfa-b14b5d3ab7cf-1694101289000-b58b1227b1d6a3f770b84c722b9861cd.jpeg,https://s-light.tiket.photos/t/01E25EBZS3W0FY9GTG6C42E1SE/rsfit10801920gsm/images/2023/09/07/a97c8d3e-2792-4bfc-b3f5-e793f97b28f4-1694101289065-efe3fdf68d8eb6b51eb04aa53b1a8605.jpeg,,,,,,,,
17,5,Rizky Pratami Agustine,13 Agustus 2023,Trip Pasangan,"4,6","Hotelnya sesuai dengan harga. Terjangkau, cukup, strategis. Yg ada jdwal ngaji deket bgt jd gampang masjid nya, yg suka ngopi tinggal trun ke bawah ke mall.",Ulasan terverifikasi dari tiket.com,https://s-light.tiket.photos/t/01E25EBZS3W0FY9GTG6C42E1SE/rsfit10801920gsm/images/2023/08/13/a912351d-764f-4a9d-89f5-391ebb0ec905-1691925489093-8c81fbf899a67ab2aa27b85c797e888b.jpeg,https://s-light.tiket.photos/t/01E25EBZS3W0FY9GTG6C42E1SE/rsfit10801920gsm/images/2023/08/13/9fb0dfed-c12c-487b-a1ca-3306173b2681-1691925490052-4a0b31f9e10c50554547c2b5028e6b6c.jpeg,https://s-light.tiket.photos/t/01E25EBZS3W0FY9GTG6C42E1SE/rsfit10801920gsm/images/2023/08/13/fd912ec7-7ba6-4ce5-b6db-edabde55d951-1691925489754-2a47d0d06e8a3a263d32447373485b5c.jpeg,https://s-light.tiket.photos/t/01E25EBZS3W0FY9GTG6C42E1SE/rsfit10801920gsm/images/2023/08/13/ae4301a3-9f25-4330-80f9-bd560aeaca25-1691925485279-404b942c99a4b4ce2348fb1247b9b24b.jpeg,https://s-light.tiket.photos/t/01E25EBZS3W0FY9GTG6C42E1SE/rsfit10801920gsm/images/2023/08/13/d71c74c0-632c-43fb-9f1c-b6a9c2c1650d-1691925487105-6326eafdd70bdecb98edbc0761693b6d.jpeg,https://s-light.tiket.photos/t/01E25EBZS3W0FY9GTG6C42E1SE/rsfit10801920gsm/images/2023/08/13/3899612d-1a14-4844-b96e-c388262bdd72-1691925490420-b7317bdaed99fa72239fe193e98faffb.jpeg,https://s-light.tiket.photos/t/01E25EBZS3W0FY9GTG6C42E1SE/rsfit10801920gsm/images/2023/08/13/6dab761f-fbb5-4f11-9d15-90f1f8bcfeb1-1691925490592-0fadfe8356f01531352e2284cfa75b6a.jpeg,https://s-light.tiket.photos/t/01E25EBZS3W0FY9GTG6C42E1SE/rsfit10801920gsm/images/2023/08/13/159cb819-219e-46f6-9551-490dbd9c6905-1691925490509-b9097a6ff2fead9a8601db50fc17e271.jpeg,,
18,1,BUKAN,7 Agustus 2023,Perjalanan Bisnis,"5,0","location strategis, deket mall dan acara kantor, ada masjid besar, deket bgt trans studio mall, tinggal jalan kaki tanpa capek. seneng banget pokoknya. worth it bgt pesen hotel disini",Ulasan terverifikasi dari tiket.com,https://s-light.tiket.photos/t/01E25EBZS3W0FY9GTG6C42E1SE/rsfit10801920gsm/images/2023/08/07/7f7b3c1c-6cfe-4547-8335-b42da8d94453-1691372392194-0c86df1f9b45bede06556f873fbab774.jpeg,,,,,,,,,
18,2,Intan Nadia Ayusita,6 Juli 2023,Trip Pasangan,"5,0",bagus lokasi aesthetic banget,Ulasan terverifikasi dari tiket.com,https://s-light.tiket.photos/t/01E25EBZS3W0FY9GTG6C42E1SE/rsfit10801920gsm/images/2023/07/06/dd9f16d8-510f-442f-bf5b-5637ed3946e3-1688648935519-8b6f2ef1dd0ecf3bed11cefba62d0fcc.jpeg,,,,,,,,,
18,3,syafrizal syafrizal,1 Juni 2023,,"5,0",Sangat menyenangkan,Ulasan terverifikasi dari tiket.com,https://s-light.tiket.photos/t/01E25EBZS3W0FY9GTG6C42E1SE/rsfit10801920gsm/images/2023/06/01/7a492e0d-e3fd-4007-aaa1-79f65ad696ea-1685622206211-b4112297e30b637f56515aa87fe83498.jpeg,,,,,,,,,
18,4,syafrizal syafrizal,31 Mei 2023,,"5,0",Tempat yang asik,Ulasan terverifikasi dari tiket.com,https://s-light.tiket.photos/t/01E25EBZS3W0FY9GTG6C42E1SE/rsfit19201080gsm/images/2023/05/31/1d113d82-15c6-4095-a462-a145553d7df4-1685515149361-478ae58581a8c35a11c9033cc77d0196.jpg,https://s-light.tiket.photos/t/01E25EBZS3W0FY9GTG6C42E1SE/rsfit19201080gsm/images/2023/05/31/44e9cb0f-b3ed-4ada-8de0-6e28705ab088-1685515175246-345efcfb98b758ab1ce01a8b34c033d4.jpg,https://s-light.tiket.photos/t/01E25EBZS3W0FY9GTG6C42E1SE/rsfit10801920gsm/images/2023/05/31/767d3f3e-6851-41fa-946a-42bcd090331b-1685515148839-9f76bca1e0bbdc42e6bffd9828e6cb1b.jpeg,,,,,,,
18,5,Syafrizal Syafrizal,30 Mei 2023,,"5,0",Tempat yang Asik,Ulasan terverifikasi dari tiket.com,https://s-light.tiket.photos/t/01E25EBZS3W0FY9GTG6C42E1SE/rsfit10801920gsm/images/2023/05/30/7a197111-484e-4f34-a0d5-cd2c6658a802-1685423229133-7f717fd3fa2aaabb43219a3653bfe5d7.jpeg,https://s-light.tiket.photos/t/01E25EBZS3W0FY9GTG6C42E1SE/rsfit10801920gsm/images/2023/05/30/9e1383a0-d72f-4f50-b355-63339187b977-1685423229049-588d79e635f006cf1853e993ef262a69.jpeg,,,,,,,,
19,1,Syafrizal Syafrizal,29 Mei 2023,,"5,0",Sangat menyenangkan,Ulasan terverifikasi dari tiket.com,https://s-light.tiket.photos/t/01E25EBZS3W0FY9GTG6C42E1SE/rsfit10801920gsm/images/2023/05/29/79ad552b-cdc9-4ca1-8c82-04848caaf76c-1685327085023-e4ecf21324bfdb48380577989cf410b1.jpg,https://s-light.tiket.photos/t/01E25EBZS3W0FY9GTG6C42E1SE/rsfit19201080gsm/images/2023/05/29/855875c7-3a87-4e01-8983-79367d6eca6f-1685327087024-030b6a2b5ec391ff65e40db7d6d6804c.jpg,https://s-light.tiket.photos/t/01E25EBZS3W0FY9GTG6C42E1SE/rsfit10801920gsm/images/2023/05/29/ea84ef4a-405d-4e8c-9999-c35bee5e736e-1685327085092-b52c05e446a8b36a07af9c9edfd1c27d.jpg,,,,,,,
19,2,II,29 April 2023,,"5,0","Hotel cukup bersih, lokasi dekat kemana2, makanan variatif banyak pilihan n enak...",Ulasan terverifikasi dari tiket.com,https://s-light.tiket.photos/t/01E25EBZS3W0FY9GTG6C42E1SE/rsfit10801920gsm/images/2023/04/29/65ff663e-8a14-4d50-bda3-477323279f56-1682779963959-fa6a24d1188f8ae82049ba97c4d690a3.jpeg,https://s-light.tiket.photos/t/01E25EBZS3W0FY9GTG6C42E1SE/rsfit10801920gsm/images/2023/04/29/4f06b6d6-c9ec-43d0-9848-509f0f8244aa-1682779961879-75c14f4d76abc814a3ea1f9fb8aeda01.jpeg,https://s-light.tiket.photos/t/01E25EBZS3W0FY9GTG6C42E1SE/rsfit10801920gsm/images/2023/04/29/1cd0c9cb-e44f-4f76-9650-654eaf45df41-1682779961258-6fe69e4e4b3883bc06b6ca8442d863ce.jpeg,https://s-light.tiket.photos/t/01E25EBZS3W0FY9GTG6C42E1SE/rsfit10801920gsm/images/2023/04/29/57d0c42b-b7d0-45f7-8256-34fc8b36701b-1682779966429-f3d5d95af22626b6148fd94b5746536e.jpeg,https://s-light.tiket.photos/t/01E25EBZS3W0FY9GTG6C42E1SE/rsfit10801920gsm/images/2023/04/29/9e3070b4-976c-4909-ba90-6ef6af2943bf-1682779963522-6a2fc728c39d487e5d08617de0c5ea19.jpeg,https://s-light.tiket.photos/t/01E25EBZS3W0FY9GTG6C42E1SE/rsfit10801920gsm/images/2023/04/29/3ff75bdf-ec1d-4fe6-9303-efef4ae7e94a-1682779967507-d889109432016b77e59c5e959f3ca4b3.jpeg,https://s-light.tiket.photos/t/01E25EBZS3W0FY9GTG6C42E1SE/rsfit10801920gsm/images/2023/04/29/c92893aa-ffcd-410c-9e4b-aab3427c59e5-1682779965122-244d1926551ce9a63a506d06800023d4.jpeg,,,
19,3,Rohmat Maulana,20 April 2023,,"4,6",Puas banget pokonya,Ulasan terverifikasi dari tiket.com,https://s-light.tiket.photos/t/01E25EBZS3W0FY9GTG6C42E1SE/rsfit10801920gsm/images/2023/04/20/6e54cd0e-26d4-4b55-ade8-5ee026d5d057-1681981547771-a903bb74706d1a5b51bccca6f56943cc.jpeg,,,,,,,,,
19,4,Octaviani Ratna Sari Santoso,20 April 2023,,"5,0",,Ulasan terverifikasi dari tiket.com,https://s-light.tiket.photos/t/01E25EBZS3W0FY9GTG6C42E1SE/rsfit10801920gsm/images/2023/04/20/d38c161a-2b44-4c20-a0ad-bcd8b54c7777-1681974766792-d7e726430651c3609db37ee5b3cfd10d.jpeg,,,,,,,,,
19,5,ANDA,16 April 2023,Trip bareng Teman,"5,0",Kulkasnya ga fungsi,Ulasan terverifikasi dari tiket.com,https://s-light.tiket.photos/t/01E25EBZS3W0FY9GTG6C42E1SE/rsfit10801920gsm/images/2023/04/16/83300a85-6800-4f46-b2d4-a99e5d6cb9fb-1681615470494-52832c28ee8970c1285d8338eaa87541.jpg,,,,,,,,,
20,1,ANDA,16 April 2023,Trip bareng Teman,"5,0",Oke,Ulasan terverifikasi dari tiket.com,https://s-light.tiket.photos/t/01E25EBZS3W0FY9GTG6C42E1SE/rsfit10801920gsm/images/2023/04/16/1499f6ce-10b3-4e4e-b454-3e404a3b74d0-1681615428023-e71aec6d81ee91097eb0d8db76e3b6d0.jpg,,,,,,,,,
20,2,Irma Agustina,27 Maret 2023,,"4,4",Jarang banget ketemu hotel yg nyediain guling. Anak saya seneng banget. Apalagi lokasinya pas di sebelah mal dan tempat rekreasi. Ini jadi hotel favorit kami kalau nginap di Bandung.,Ulasan terverifikasi dari tiket.com,https://s-light.tiket.photos/t/01E25EBZS3W0FY9GTG6C42E1SE/rsfit10801920gsm/images/2023/03/27/a3105c9e-dc9c-4a65-a48f-c052c6001990-1679850893133-18f09a9e520de7d2db67c1181e6be7fa.jpg,,,,,,,,,
20,3,Mohamed Djunaedi,21 Maret 2023,,"5,0",,Ulasan terverifikasi dari tiket.com,https://s-light.tiket.photos/t/01E25EBZS3W0FY9GTG6C42E1SE/rsfit10801920gsm/images/2023/03/21/7ac51236-7a03-4af3-844b-5b80687e93da-1679362566760-946636ecee9541abec5ea10c8e783c78.jpeg,,,,,,,,,
20,4,Rini Oktavia,12 Maret 2023,Trip Pasangan,"1,6",lokasi sangat strategis ke mall trans studio dan masjidnya disamping hotel petugas ramah fasilitas lumayan lengkap dan berfungsi baik AC dingin air hangat Jooss tv jernih kebersihan baik cuma air minu...Selengkapnya,Ulasan terverifikasi dari tiket.com,https://s-light.tiket.photos/t/01E25EBZS3W0FY9GTG6C42E1SE/original/review/2023/03/12/79c3a1b0-7786-41b9-95a1-5d405bd2a1dd-1678578875954-58c5dcf5b07e97f315e6e31a2d8a4723.jpg,,,,,,,,,
20,5,ITU,11 Februari 2023,Perjalanan Bisnis,"5,0",terima kasih.... pokoknya mantap,Ulasan terverifikasi dari tiket.com,https://s-light.tiket.photos/t/01E25EBZS3W0FY9GTG6C42E1SE/rsfit10801920gsm/images/2023/02/11/c3adccb3-eaba-47d5-803f-b98c3db77ce8-1676077093766-184004fce3b37f914c5b39a96cbfe7a7.jpg,,,,,,,,,
21,1,Laksmi Indraswari,26 Januari 2023,,"4,0","Kamar cukup memyenangkan meski kecil, saking kecilnya sampai kamar mandi pun juga imut. Plus nya dekat dengan mal, dan sarapan banyak banget menu nya utk kelas bintang 3... rasa lumayan.. hanya menu r...Selengkapnya",Ulasan terverifikasi dari tiket.com,https://s-light.tiket.photos/t/01E25EBZS3W0FY9GTG6C42E1SE/rsfit10801920gsm/images/2023/01/26/fb085638-b7c5-4915-86cf-a393cdd0c71d-1674703166925-bdeeeb2a5242804257bf48e91eed3404.jpg,https://s-light.tiket.photos/t/01E25EBZS3W0FY9GTG6C42E1SE/rsfit10801920gsm/images/2023/01/26/9f008ea8-6994-44e1-b600-42fa3f291822-1674703197735-25391365c4e5447ee274744d6e476d76.jpg,https://s-light.tiket.photos/t/01E25EBZS3W0FY9GTG6C42E1SE/rsfit10801920gsm/images/2023/01/26/11c67436-f527-49f7-8077-a40eb6b2168c-1674703217176-8160df20d56d6154ff9cc227ec002c33.jpg,,,,,,,
21,2,Metta Surya Bhumi Kurniawan,25 Januari 2023,,"2,0","Saya tidak akan pernah menginap di Ibis lagi!!! Saya sudah menginap dua kali di Ibis Trans. Yang kedua kalinya, kamar hotelnya bahkan lebih buruk. Sepertinya manajemen sama sekali tidak peduli untuk menjaga kebersihan... Selengkapnya",Ulasan terverifikasi dari tiket.com,https://s-light.tiket.photos/t/01E25EBZS3W0FY9GTG6C42E1SE/rsfit19201080gsm/images/2023/01/25/ce2a34bd-985c-4eda-9267-999e7e3ca993-1674637717077-f3366a134930adcf7b5dbe36c472a00f.jpg,https://s-light.tiket.photos/t/01E25EBZS3W0FY9GTG6C42E1SE/rsfit19201080gsm/images/2023/01/25/b47a2b63-1324-492e-b776-ae7fbff0ebcf-1674637719789-02093ab6dbbd00f75c71e11894117349.jpg,https://s-light.tiket.photos/t/01E25EBZS3W0FY9GTG6C42E1SE/rsfit10801920gsm/images/2023/01/25/5c0b3114-bcf0-4431-8e7a-26ae3a7b3a8b-1674637724296-c03a7894ea804db54dd057e5a08f81cc.jpg,,,,,,,
21,3,Yanti Tjhin,24 Januari 2023,,"5,0","Kamarnya rapi dan bersih,stafnya ramah Fasilitas nya lengkap dan lokasi strategis",Ulasan terverifikasi dari tiket.com,https://s-light.tiket.photos/t/01E25EBZS3W0FY9GTG6C42E1SE/rsfit10801920gsm/images/2023/01/24/54bf6488-f4ce-4ddc-9815-b5a5a851171c-1674527152133-4fb0e6e241ab923f1ec4db0a3eff20f4.jpg,,,,,,,,,
21,4,WR,13 Januari 2023,Trip Pasangan,"5,0","bersih, view nya cakep 👌 recomend",Ulasan terverifikasi dari tiket.com,https://s-light.tiket.photos/t/01E25EBZS3W0FY9GTG6C42E1SE/rsfit19201080gsm/images/2023/01/13/96f3a325-699a-4598-a978-c95d522ff328-1673606561594-a6f37202b71e25ae22785bba85e52e0e.jpeg,,,,,,,,,
21,5,Mahardhika Sudiono Putra,25 Desember 2022,,"5,0",Hotel dengan lokasi persis di sebelah mal Trans Studio Bandung.,Ulasan terverifikasi dari tiket.com,https://s-light.tiket.photos/t/01E25EBZS3W0FY9GTG6C42E1SE/rsfit19201080gsm/images/2022/12/25/932a65c1-6efa-4695-ba22-f0260d9a7f1d-1671978769569-f7d8cd019929f4e039285d984e1fc447.jpeg,,,,,,,,,
22,1,MS,19 Desember 2022,Trip Keluarga,"2,2",Efek highseason jd pelayanan kurang maksimal. Check in hotel antrian panjang bgt. Staf resepsionis cuma ada 2. Bahkan untuk checkout nyerahin kunci kudu antri barengan ama yg check in. Bellboy pun cum...Selengkapnya,Ulasan terverifikasi dari tiket.com,https://s-light.tiket.photos/t/01E25EBZS3W0FY9GTG6C42E1SE/rsfit10801920gsm/images/2022/12/19/498afb57-52b9-49c6-afff-f5e4ea0434f2-1671451161134-6f2ce0c2e643daa7cc1e73795b8e8d00.jpeg,,,,,,,,,
22,2,Ayu Pangesturi,17 Desember 2022,Trip Keluarga,"3,8","Untuk hrga kamar 500rb sesuai lah...gak expect apa2 kok...tp lokasi nya enak, sebelah TSM persis, jd cari makan gampang. FO nya jg ramah kok. dan dapet km pool view nya trans luxury, lumayan bikin ngi...Selengkapnya",Ulasan terverifikasi dari tiket.com,https://s-light.tiket.photos/t/01E25EBZS3W0FY9GTG6C42E1SE/rsfit10801920gsm/images/2022/12/17/2f948b75-0cd4-44c6-83dd-3f4359c4b2e1-1671227893578-5b03871187bc4531d42b3cb30a5a9808.jpg,https://s-light.tiket.photos/t/01E25EBZS3W0FY9GTG6C42E1SE/rsfit10801920gsm/images/2022/12/17/4618d71d-b8be-424f-bc19-b1933d669c55-1671227989589-96c2d06f703f5af557025de40675816a.jpg,,,,,,,,
22,3,Desy Willya Shanti,10 Desember 2022,,"4,0",,Ulasan terverifikasi dari tiket.com,https://s-light.tiket.photos/t/01E25EBZS3W0FY9GTG6C42E1SE/rsfit10801920gsm/images/2022/12/10/cc45a474-21e0-418c-a242-9fd6dbc40f65-1670668188562-7e2ea2b91fececef3026d363121f849b.jpeg,https://s-light.tiket.photos/t/01E25EBZS3W0FY9GTG6C42E1SE/rsfit10801920gsm/images/2022/12/10/00f1e791-6780-4851-9b48-14d10c038487-1670668234233-c24481a5a08f538cde4a7fa1903d01aa.jpeg,https://s-light.tiket.photos/t/01E25EBZS3W0FY9GTG6C42E1SE/rsfit10801920gsm/images/2022/12/10/234fff71-48f9-46bf-a87e-63c0afb88945-1670668261041-19a636516f4125591ec3890838d4a974.jpeg,,,,,,,
22,4,Tiyas Pedi Alerano,3 Desember 2022,,"5,0","Breakfast nya enak, kamar bersih dekat dengan pusat kota",Ulasan terverifikasi dari tiket.com,https://s-light.tiket.photos/t/01E25EBZS3W0FY9GTG6C42E1SE/original/review/2022/12/03/97d14877-ce9d-4d7d-8465-ab20d480ebf2-1670067191897-3a71c4b6f6eb08ed01aec4929b72307a.jpg,,,,,,,,,
22,5,TS,29 November 2022,Trip Keluarga,"4,0",Top mantap adalah yang terbaik,Ulasan terverifikasi dari tiket.com,https://s-light.tiket.photos/t/01E25EBZS3W0FY9GTG6C42E1SE/original/review/2022/11/29/2c6455b8-3872-4320-a8e0-08b4efe16b4e-1669673975853-0e54c574f9831673cfc5f99b86d609db.jpg,,,,,,,,,
23,1,Rifky Adriansyah,17 November 2022,,"4,2",Bagus sekali,Ulasan terverifikasi dari tiket.com,https://s-light.tiket.photos/t/01E25EBZS3W0FY9GTG6C42E1SE/original/review/2022/11/17/5db160a7-033a-4f03-8796-1ccf30db41bc-1668699183771-18484ba13aeaf412e086b386663ba00d.jpg,,,,,,,,,
23,2,Rega Kusuma yang pertama,13 November 2022,,"4,0",,Ulasan terverifikasi dari tiket.com,https://s-light.tiket.photos/t/01E25EBZS3W0FY9GTG6C42E1SE/original/review/2022/11/13/a7dc4bbb-5c64-476e-b96b-2a0f406a37bc-1668299821195-5e258ec58707a6abb60bd4d48c2babf5.jpg,,,,,,,,,
23,3,Andri Firmansyah,9 November 2022,,"5,0",,Ulasan terverifikasi dari tiket.com,https://s-light.tiket.photos/t/01E25EBZS3W0FY9GTG6C42E1SE/original/review/2022/11/09/36f06a36-646d-428d-8af2-e7618ed3b43c-1667982489982-658c400858554da7be823b536bbc0eb3.jpg,,,,,,,,,
23,4,PP,28 Oktober 2022,Trip Pasangan,"5,0",So...far so...good mereka semua semangat....tinggal dihotel...hanya sarapannya makanannya perlu ditingkatkan..,Ulasan terverifikasi dari tiket.com,https://s-light.tiket.photos/t/01E25EBZS3W0FY9GTG6C42E1SE/original/review/2022/10/28/c4216240-20c4-4a6e-b4e5-575750de611f-1666950366938-c724b72de2786d3214cda1f70558729e.jpg,,,,,,,,,
23,5,Kembali ke chay,28 Oktober 2022,,"5,0","Cukup ok, harga standar, sering penuh pas weekend",Ulasan terverifikasi dari tiket.com,https://s-light.tiket.photos/t/01E25EBZS3W0FY9GTG6C42E1SE/original/review/2022/10/28/1c16f013-1bde-4e8d-be58-d55e101bf850-1666913852588-dea735350671b15a94971cb3924084ca.jpg,,,,,,,,,
24,1,LP,28 Oktober 2022,Trip Keluarga,"4,8",,Ulasan terverifikasi dari tiket.com,https://s-light.tiket.photos/t/01E25EBZS3W0FY9GTG6C42E1SE/original/review/2022/10/28/5f61b380-b717-4306-b789-e801913ffc2a-1666901639450-75976f37f97303ec6048e921e34e8a70.jpg,,,,,,,,,
24,2,Ricci Saadi Wijaya,25 Oktober 2022,,"5,0",Kamar agak kecil tapi bersih dan lokasi strategis nyambung ke mall,Ulasan terverifikasi dari tiket.com,https://s-light.tiket.photos/t/01E25EBZS3W0FY9GTG6C42E1SE/original/review/2022/10/25/41911d3a-ed95-493e-9b3c-02aaddcae996-1666642923502-07d802b4f8c4563d7ba0ba1bf32adf95.jpg,,,,,,,,,
24,3,Neelam Salamah Hamid,24 Oktober 2022,Trip Keluarga,"5,0","Nginep selama seminggu di sini nyaman, bersih dan tenang 👍🏻",Ulasan terverifikasi dari tiket.com,https://s-light.tiket.photos/t/01E25EBZS3W0FY9GTG6C42E1SE/original/review/2022/10/24/a4662fbf-745b-4731-aa19-0bd7c9146a33-1666593476923-1291780477b0af7f76b9adc716bbc1e9.jpg,,,,,,,,,
24,4,Meiselina Fitri,13 Oktober 2022,,"5,0","Kamar tidak terlalu besar tapi bersih dan lengkap , dekat samping dengan mall gak susah ke mall trans studio next kalo k Bandung balik nginep lagi disni",Ulasan terverifikasi dari tiket.com,https://s-light.tiket.photos/t/01E25EBZS3W0FY9GTG6C42E1SE/original/review/2022/10/13/3b09925e-3504-4faf-8691-f7d08ec745f0-1665620016394-432c2fcd70b1d481460c638deedd4681.jpg,,,,,,,,,
24,5,Anggun Aprilia Purnamasari,10 Oktober 2022,,"5,0","viewnya okee, kamar bersih.",Ulasan terverifikasi dari tiket.com,https://s-light.tiket.photos/t/01E25EBZS3W0FY9GTG6C42E1SE/original/review/2022/10/10/b5384be0-3c12-470a-9286-8ed5b8d1578e-1665380668182-8df254581915e3d4e8ba01284127e1b4.jpg,,,,,,,,,
25,1,Sri Rahayu Arizky,27 September 2022,,"5,0",,Ulasan terverifikasi dari tiket.com,https://s-light.tiket.photos/t/01E25EBZS3W0FY9GTG6C42E1SE/original/review/2022/09/27/adbc0803-6321-41dc-ba08-8b3eb78e69b1-1664274256598-c0c5456c7fa5cfceb209a9095c0e43bc.jpg,,,,,,,,,
25,2,MM,25 September 2022,Perjalanan Sendirian,"5,0","kamar nyaman, bersih, berada pusat kota, terhubung langsung ke trans studio mall dan sarapan enak-enak",Ulasan terverifikasi dari tiket.com,https://s-light.tiket.photos/t/01E25EBZS3W0FY9GTG6C42E1SE/original/review/2022/09/25/e7cfafba-750e-4c18-9b1a-123d2844da34-1664079968806-1f85dd2f0cf7b197a3e2e7234d852ce1.jpg,,,,,,,,,
25,3,Payudara SP,3 September 2022,,"4,2",Bersih ksurnya dan nyaman,Ulasan terverifikasi dari tiket.com,https://s-light.tiket.photos/t/01E25EBZS3W0FY9GTG6C42E1SE/original/review/2022/09/03/eab35844-530b-4c2f-bf65-594bb6c9d3fa-1662194092505-a89f63c31f868100268305ab43da1676.jpg,,,,,,,,,
25,4,RS,29 Agustus 2022,Trip Keluarga,"5,0","Kamarnya bersih, sarapannya juga lumayan",Ulasan terverifikasi dari tiket.com,https://s-light.tiket.photos/t/01E25EBZS3W0FY9GTG6C42E1SE/original/review/2022/08/29/f3f20254-6287-4a01-be8a-ac08a06150e0-1661756241659-8690049bd75413088e380dd01e543031.jpg,https://s-light.tiket.photos/t/01E25EBZS3W0FY9GTG6C42E1SE/original/review/2022/08/29/4b0c57fd-7849-4851-846e-6a2198019eb2-1661756241882-da6af5335ba31fccd1ca8fe9c96c1296.jpg,https://s-light.tiket.photos/t/01E25EBZS3W0FY9GTG6C42E1SE/original/review/2022/08/29/9f8bff4c-bbbd-4d14-8c7c-bc6829b3d9b2-1661756242086-bae6af6086cfed76066deb839a3958fc.jpg,https://s-light.tiket.photos/t/01E25EBZS3W0FY9GTG6C42E1SE/original/review/2022/08/29/6ecd3509-c964-4e7e-940d-43fab9f7967c-1661756242264-0c8c82da4bb5f13ab131f6bccf11b07b.jpg,https://s-light.tiket.photos/t/01E25EBZS3W0FY9GTG6C42E1SE/original/review/2022/08/29/0edd5de2-5d75-48d3-9a65-831b4743e715-1661756242435-9fc23c244ea4795d704e4850a9842c7f.jpg,,,,,
25,5,Rista Pretty Silvia,21 Agustus 2022,Trip Keluarga,"5,0","semuanya keren, gda yg gagal nginep disini",Ulasan terverifikasi dari tiket.com,https://s-light.tiket.photos/t/01E25EBZS3W0FY9GTG6C42E1SE/original/review/2022/08/21/0e8ae606-7dd7-492b-b31a-601249b72e27-1661085440471-e467d8fb2f73adf9681abf1ce035aa96.jpg,,,,,,,,,
26,1,IA,7 Agustus 2022,,"4,0","bagus, tapi hairdryer yg di kamar 1502 ga bisa nyala 🙏, mohon untuk ketidak nyamanan nya 😔🥺",Ulasan terverifikasi dari tiket.com,,,,,,,,,,
26,2,FR,31 Juli 2022,Trip Keluarga,"4,0","Semuanyaaa bagusss, hanya saja parkir nya susah banget.. karena gabung sama mall.. jadi kudu extra sabar kalo mau yang bolak balik keluar hotel..",Ulasan terverifikasi dari tiket.com,https://s-light.tiket.photos/t/01E25EBZS3W0FY9GTG6C42E1SE/original/review/2022/07/31/57fdbcee-c414-412b-847b-4ebb24b99ee1-1659215132691-8f7bc0f113abea11b0a0cb59316c86af.jpg,,,,,,,,,
26,3,Suci Suci,7 Juli 2022,Trip Keluarga,"5,0",Oke,Ulasan terverifikasi dari tiket.com,https://s-light.tiket.photos/t/01E25EBZS3W0FY9GTG6C42E1SE/original/review/2022/07/07/dbe20469-1c5c-43a7-b276-794e37b234b0-1657172963520-f3ca16c2255a0f373be80c188d1d38aa.jpg,,,,,,,,,
26,4,A A,4 Juli 2022,Perjalanan Bisnis,"3,0",,Ulasan terverifikasi dari tiket.com,https://s-light.tiket.photos/t/01E25EBZS3W0FY9GTG6C42E1SE/original/review/2022/07/04/ee73c337-84b8-4e18-979f-5f125a5de685-1656879406098-41fa9dbe17655795bf49735733a6f8de.jpg,https://s-light.tiket.photos/t/01E25EBZS3W0FY9GTG6C42E1SE/original/review/2022/07/04/be372b7f-6c4f-4b2c-8095-dbc68d1dd309-1656879406215-dad9bed673de77475fef30cfab469196.jpg,https://s-light.tiket.photos/t/01E25EBZS3W0FY9GTG6C42E1SE/original/review/2022/07/04/c66ff1be-b46a-45d6-9d71-2e571ab6d9b8-1656879406358-01ce07f5da31153518891036e8abe419.jpg,https://s-light.tiket.photos/t/01E25EBZS3W0FY9GTG6C42E1SE/original/review/2022/07/04/6311d5ae-ae8f-4c5c-9d56-2604084586b2-1656879406472-0b2d8a254d5dab760e3ae25430c7558e.jpg,,,,,,
26,5,MATAHARI,30 Juni 2022,,"5,0",happy banget nginep di ibis. pelayanannya luar biasa sih. bersih banget. dapet honeymoon decoration gratis tanpa tambahan biaya. mantep deh,Ulasan terverifikasi dari tiket.com,https://s-light.tiket.photos/t/01E25EBZS3W0FY9GTG6C42E1SE/original/review/2022/06/30/9a6ad6f4-e86e-4522-b768-ee8ecd985010-1656596990792-55ecd45e05973afbdade406f7334328b.jpg,https://s-light.tiket.photos/t/01E25EBZS3W0FY9GTG6C42E1SE/original/review/2022/06/30/8e74a0c5-d381-4c18-90b1-7fb8075905c7-1656596990990-531e6e9193bb1b88bc43fc96edaed1c3.jpg,https://s-light.tiket.photos/t/01E25EBZS3W0FY9GTG6C42E1SE/original/review/2022/06/30/e9e452ea-a076-4a54-9b56-2706a81bd43c-1656596991381-77990a07ddff78d56cee776a8a263ac4.jpg,,,,,,,
27,1,PP,30 Juni 2022,Trip Keluarga,"5,0","Lumayan lah, saya kira ada swimingpool nya ternyata, harus pakai swimingpool nya tetangga sebaleh..bayar 75rb/orang.",Ulasan terverifikasi dari tiket.com,https://s-light.tiket.photos/t/01E25EBZS3W0FY9GTG6C42E1SE/original/review/2022/06/30/8f30b3fd-6203-48ec-9cc0-1dc365b94eb8-1656548009757-21923a86c0ed80b447164ef4ca92b76e.jpg,https://s-light.tiket.photos/t/01E25EBZS3W0FY9GTG6C42E1SE/original/review/2022/06/30/0353e77a-ef83-44dd-9cad-ddf10d9d395b-1656548010226-fc9cd7c0184ceac9c7d9124742c2117d.jpg,,,,,,,,
27,2,AP,26 Juni 2022,Perjalanan Bisnis,"2,4","menginap disini utk business trip. hari pertama mau masak air, ternyata korslet. minta ganti teko listrik, baru diganti pas mau check out. proses benerin listriknya juga lambat datangnya. nlp operator...Selengkapnya",Ulasan terverifikasi dari tiket.com,https://s-light.tiket.photos/t/01E25EBZS3W0FY9GTG6C42E1SE/original/review/2022/06/26/1d20ca83-ae5d-4220-a2f0-6ae15ce3fe33-1656261473007-c2ec9da1930d9a8b33d96c91d54a777e.jpg,,,,,,,,,
27,3,Dekat Nadiarsjah,26 Juni 2022,Trip Keluarga,"3,6",utk kali ini dpt kamarnya yg kurang hoki ac bocor smp bolak balik orang servis masih aja banjir...mungkin krn lg high season tamu banyak jd pelayanannya agak keteteran di segi sarapan dan kamar...,Ulasan terverifikasi dari tiket.com,https://s-light.tiket.photos/t/01E25EBZS3W0FY9GTG6C42E1SE/original/review/2022/06/26/a0281b9f-5f87-480d-92a1-99b6e330ef83-1656251433905-e17350fbcb450cd1cf36e252fc582ad2.jpg,,,,,,,,,
27,4,VS,31 Mei 2022,Perjalanan Bisnis,"2,6",Hairdaryer di di kamar mandi mati.. jam 08.00 saya nelp ke receptionist di jawab iya! 08.20 saya follow up lagi di bilang iya! 08.45 saya follow up lagi iyaa tapi tidak juga ada diantar atau di perbai...Selengkapnya,Ulasan terverifikasi dari tiket.com,https://s-light.tiket.photos/t/01E25EBZS3W0FY9GTG6C42E1SE/original/review/2022/05/31/f57ead35-0f45-4273-bccd-fb5aa840a6cf-1653945609108-e8b7cb8794bde02cdefa5687555a0669.jpg,https://s-light.tiket.photos/t/01E25EBZS3W0FY9GTG6C42E1SE/original/review/2022/05/31/e5ca7086-ec5b-4e91-bd18-ceb324cdbe73-1653945609249-0fd401d066dbc01ef1a1f7044cd77fe2.jpg,,,,,,,,
27,5,YULIANTO YULIANTO,26 Mei 2022,Trip Keluarga,"4,0",,Ulasan terverifikasi dari tiket.com,https://s-light.tiket.photos/t/01E25EBZS3W0FY9GTG6C42E1SE/original/review/2022/05/26/86e0db7b-ab12-4148-bf36-1c3f8b2a3692-1653577988760-b4cfcc685662b1097d7e3f1628819544.jpg,,,,,,,,,
28,1,JJ,22 Mei 2022,Perjalanan Bisnis,"4,4","Lokasi strategis, fasilitas lengkap, harga bersaing, kebersihan lumayan lah..",Ulasan terverifikasi dari tiket.com,https://s-light.tiket.photos/t/01E25EBZS3W0FY9GTG6C42E1SE/original/review/2022/05/22/8a21e738-0876-4a91-a988-86b2e2443cf1-1653184785618-9ec4c99f7dc4e2e8212c647a8a62ce7d.jpg,https://s-light.tiket.photos/t/01E25EBZS3W0FY9GTG6C42E1SE/original/review/2022/05/22/06df3473-0ed2-4bf6-9374-0e17200eae39-1653184785817-2131e4bfaef1ecb979683d499d5485f0.jpg,https://s-light.tiket.photos/t/01E25EBZS3W0FY9GTG6C42E1SE/original/review/2022/05/22/c23ebfa9-4fb8-4551-bf54-f443c8ba6f32-1653184786035-4ac698c23ef7aaa75d673d0045bd0089.jpg,,,,,,,
28,2,Lestari Budi,19 Mei 2022,Trip Keluarga,"4,0","kamarnya bersih dan bagus, cuma proses check in aja yg agak lama. suka hotelnya karena bisa langsung ke mall bawa anak2.",Ulasan terverifikasi dari tiket.com,https://s-light.tiket.photos/t/01E25EBZS3W0FY9GTG6C42E1SE/original/review/2022/05/19/1befeeaf-1538-4091-a411-ff2c6cc946a2-1652927851615-a3e4776dc4e08840199fa39441e9feae.jpg,,,,,,,,,
28,3,MS,15 Mei 2022,Perjalanan Bisnis,"3,0","in general ok,hy kualitas internet nya hrs diperbaiki,nonton tv sering ngelek,tiba2 putus tdk ada ada signal,sehingga nonton tidak nyaman.",Ulasan terverifikasi dari tiket.com,https://s-light.tiket.photos/t/01E25EBZS3W0FY9GTG6C42E1SE/original/review/2022/05/15/dc5a6bd6-ecc6-4709-8895-0d04f272fa81-1652583938742-13963fa270e25dba7b5fb2d935fbb93b.jpg,https://s-light.tiket.photos/t/01E25EBZS3W0FY9GTG6C42E1SE/original/review/2022/05/15/37bf7d57-c82d-4aa9-a79f-df7aaa532b0b-1652583939188-7fd5d5793ccb06468407df12f560f1ad.jpg,,,,,,,,
28,4,NH,11 Mei 2022,Trip Keluarga,"3,2","waktu tunggu check in lama, tamu menumpuk di lobby. katanya akan dikabarin tapi 3x bolak balik blm ready juga. eh pas suami maju baru ready. kondisi ruangan breakfast kurang rapi, display makanan tida...Selengkapnya",Ulasan terverifikasi dari tiket.com,https://s-light.tiket.photos/t/01E25EBZS3W0FY9GTG6C42E1SE/original/review/2022/05/11/4f521f08-5a7c-40ae-80d6-fa9039f767e8-1652236425912-b9242b7566153f3fadbdfbd442df0c44.jpg,https://s-light.tiket.photos/t/01E25EBZS3W0FY9GTG6C42E1SE/original/review/2022/05/11/b9883bac-ee1d-4ce8-97fb-ebe207f716d2-1652236426103-702a6129575b681fff2762c30f745612.jpg,,,,,,,,
28,5,danil alamsyah,8 Mei 2022,Trip Keluarga,"5,0",walaupun bintang 3 tp pelayanan bintang 4,Ulasan terverifikasi dari tiket.com,https://s-light.tiket.photos/t/01E25EBZS3W0FY9GTG6C42E1SE/original/review/2022/05/08/b6a78a56-4309-4b7d-9e28-422751ce204b-1652012115788-3ba8acf049bf8724e6570d07e4ac469e.jpg,,,,,,,,,
29,1,Yugi Sutanti,4 Mei 2022,,"5,0",Tempat strategis dekat mall Semua staff nya ramah,Ulasan terverifikasi dari tiket.com,https://s-light.tiket.photos/t/01E25EBZS3W0FY9GTG6C42E1SE/original/review/2022/05/04/7b1c4742-737e-415c-ad1a-007f03c24c26-1651629700766-e9a6ac980bf67de89cf7adef1bb12447.jpg,,,,,,,,,
29,2,HD,27 April 2022,Perjalanan Bisnis,"5,0","Bersih, gantungan baju banyak, air panas oke, lokasi oke.",Ulasan terverifikasi dari tiket.com,https://s-light.tiket.photos/t/01E25EBZS3W0FY9GTG6C42E1SE/original/review/2022/04/27/c508e680-bfe7-45e7-abc3-c6cdf92daee3-1651070466804-e0ebc0f8c691ef108b5c7ae413bcf26e.jpg,https://s-light.tiket.photos/t/01E25EBZS3W0FY9GTG6C42E1SE/original/review/2022/04/27/c633652d-fa30-4943-a264-c9995bccd5b6-1651070466968-ef96e557b15d820606604c9a076f344e.jpg,https://s-light.tiket.photos/t/01E25EBZS3W0FY9GTG6C42E1SE/original/review/2022/04/27/284b6620-d9f4-432b-9d65-f65405f66caf-1651070467094-31c72a4f6bde9cb3b253b446493ab4fe.jpg,,,,,,,
29,3,Arifin Santika,22 April 2022,Perjalanan Bisnis,"1,0","Kesan menginap di Ibis buruk sekali. Kamar pertama bau rokok (padahal di tiket.com sudah centang non-smoking room, juga bilang di resepsionis waktu check-in). Pindah, di kamar ke2 keluar kecoa sampai ...Selengkapnya",Ulasan terverifikasi dari tiket.com,https://s-light.tiket.photos/t/01E25EBZS3W0FY9GTG6C42E1SE/original/review/2022/04/22/a8b03e62-936d-48dd-8d84-8c5ca57e71c5-1650596460490-16f0b5e6d0c637194f25ed91dbfb3866.jpg,https://s-light.tiket.photos/t/01E25EBZS3W0FY9GTG6C42E1SE/original/review/2022/04/22/a00044da-b11f-483f-ac63-bf73f959c4bd-1650596460741-2452e82e6b4c7566cf9c9953dbb0e5a4.jpg,,,,,,,,
29,4,AC,18 April 2022,Perjalanan Bisnis,"5,0",bagus.. hx sj tempat tidur kecil,Ulasan terverifikasi dari tiket.com,https://s-light.tiket.photos/t/01E25EBZS3W0FY9GTG6C42E1SE/original/review/2022/04/18/36b79058-7b0c-486b-8e09-f250f117c73a-1650282491458-8e156dc0356d9a127d215e7cd826e242.jpg,,,,,,,,,
29,5,Jane Barantian,2 April 2022,Trip Keluarga,"5,0",access langsung ke mall,Ulasan terverifikasi dari tiket.com,https://s-light.tiket.photos/t/01E25EBZS3W0FY9GTG6C42E1SE/original/review/2022/04/02/be162840-9498-44ea-9cf4-a07fbcf736b8-1648860855773-ad4194cce8906312ca36f17565a0e243.jpg,https://s-light.tiket.photos/t/01E25EBZS3W0FY9GTG6C42E1SE/original/review/2022/04/02/12c14db0-5394-4e49-a31d-88e74558b656-1648860856010-e3dd9f7e1ccbb4ccf0ac794f9d21b104.jpg,,,,,,,,
30,1,Jane Barantian,1 April 2022,Trip Keluarga,"5,0",Bagus sekali....hanya bisa mengakses mal.,Ulasan terverifikasi dari tiket.com,https://s-light.tiket.photos/t/01E25EBZS3W0FY9GTG6C42E1SE/original/review/2022/04/01/d638f2a4-0ef4-404c-bfdd-1a7dc9cea164-1648772630233-3ca53267fb97706aa4a4060d96758b4f.jpg,,,,,,,,,
30,2,YS,29 Maret 2022,Trip Keluarga,"5,0","ini salah satu hotel keren di bandung,,, dengan tinggi hotel yg lumayan,, bisa memandang kota bandung yg dikelilingi gunung... nyaman bersih,, sraf ramah,,,, keren pokoknya",Ulasan terverifikasi dari tiket.com,https://s-light.tiket.photos/t/01E25EBZS3W0FY9GTG6C42E1SE/original/review/2022/03/29/e8f79765-a97f-43d4-abf0-e16c8d388931-1648543387316-0260b29e2bc3125c43595e90fb34d007.jpg,https://s-light.tiket.photos/t/01E25EBZS3W0FY9GTG6C42E1SE/original/review/2022/03/29/f8cf6471-7240-4575-b71e-8fe1ddc4686c-1648543387561-bd9b9173f8d307da0d96e54e79e22dc8.jpg,,,,,,,,
30,3,Reshinta Pradita,25 Maret 2022,Trip Keluarga,"5,0",Ac oke Bersih Check in jam 3 pagi minta late check out di kasih oleh pihak receptionis jam 1 Breakfasf lemayan ok cuma kurang lengkap tp okelah untuk harga Bisa jalan sebelah ke mall oke,Ulasan terverifikasi dari tiket.com,https://s-light.tiket.photos/t/01E25EBZS3W0FY9GTG6C42E1SE/original/review/2022/03/25/fe0a66ac-fcb6-498c-82b0-724f5cc4871a-1648209484625-1fbe5f3a31f5c2c3284ad4f245c9c057.jpg,,,,,,,,,
30,4,PAGI,21 Maret 2022,Trip Keluarga,"5,0",Secara keseluruhan sangat keren! Teruslah berkarya!,Ulasan terverifikasi dari tiket.com,https://s-light.tiket.photos/t/01E25EBZS3W0FY9GTG6C42E1SE/original/review/2022/03/21/f4e3809d-a90b-4460-9caa-99ad88b30701-1647864611866-f584d7b721eea696896e813c29fed780.jpg,,,,,,,,,
30,5,Sejak Ramadan,12 Maret 2022,,"4,0",nyaman bersih,Ulasan terverifikasi dari tiket.com,https://s-light.tiket.photos/t/01E25EBZS3W0FY9GTG6C42E1SE/original/review/2022/03/12/c74742cc-6214-4724-a647-49bca613ef12-1647089119659-f3f557d1d09eeeae0e0ecdba3313f57a.jpg,,,,,,,,,
31,1,RF,7 Maret 2022,Perjalanan Sendirian,"4,8","selalu mengesankan menginap di ibis TSM Bandung, pengalaman yang luar biasa dan selalu mendapatkan view yang bagus.. selalu bersih dan sigap pelayanannya.. Terima kasih",Ulasan terverifikasi dari tiket.com,https://s-light.tiket.photos/t/01E25EBZS3W0FY9GTG6C42E1SE/original/review/2022/03/07/9598ab49-cf26-418d-bb10-fed0553ca277-1646640294979-ef9802221c2547ea7f60b4efd24256c7.jpg,,,,,,,,,
31,2,NC,5 Maret 2022,Trip Keluarga,"4,0",Kamar nya bersih... hny pd saat kita mau chek out hmpr 1j nunggu room boy tuk bantu bw brg2 kami...ga dtg2 jg...mslh nya sy bw ibu sy dg kursi roda...smp akhir nya kami turun dan b'tnya pd security......Selengkapnya,Ulasan terverifikasi dari tiket.com,https://s-light.tiket.photos/t/01E25EBZS3W0FY9GTG6C42E1SE/original/review/2022/03/05/ea8afa42-1f5d-4874-a9fc-94d8e58f735a-1646413803569-03080d96c8f3e048398a109aaeab65aa.jpg,https://s-light.tiket.photos/t/01E25EBZS3W0FY9GTG6C42E1SE/original/review/2022/03/05/cd166677-71aa-4229-8418-828c2d820dd8-1646413803876-e18018c58b45e38241c8a7c63e3d6caa.jpg,,,,,,,,
31,3,Jauh Lebih Banyak,3 Maret 2022,Trip bareng Teman,"5,0",Tempat menginap yang bagus...,Ulasan terverifikasi dari tiket.com,https://s-light.tiket.photos/t/01E25EBZS3W0FY9GTG6C42E1SE/original/review/2022/03/03/efdd23b3-465d-49df-b222-70ed238e1c41-1646293069830-b87399986fc4bfea2c4109f751065a4e.jpg,,,,,,,,,
31,4,Anggota parlemen,1 Maret 2022,,"2,8",Sprei kamar kotor,Ulasan terverifikasi dari tiket.com,https://s-light.tiket.photos/t/01E25EBZS3W0FY9GTG6C42E1SE/original/review/2022/03/01/5ea53209-998c-463c-a1ce-b3698f8f0b61-1646110413118-afcc96ae47e3e456de58c32adb41ebd8.jpg,https://s-light.tiket.photos/t/01E25EBZS3W0FY9GTG6C42E1SE/original/review/2022/03/01/c9aaaf85-0e72-4841-aa05-831399e59c55-1646110413296-953814dc40150c7690c3538adc3076e8.jpg,,,,,,,,
31,5,Sari Agustin,28 Februari 2022,Trip Pasangan,"5,0","Dapet lantai 20 mantapeuu djiwaaa, jangan lupa kalo beli jajanan dibawah beli baso aci dan tahu walik jual di samping ibis pisan. Enak asli. Recomen",Ulasan terverifikasi dari tiket.com,https://s-light.tiket.photos/t/01E25EBZS3W0FY9GTG6C42E1SE/original/review/2022/02/28/c45ee10a-21d3-41a9-9c09-57ab5c7ab8bf-1646061051635-7dd13d011d4d4195cd10b6d4fca3170e.jpg,https://s-light.tiket.photos/t/01E25EBZS3W0FY9GTG6C42E1SE/original/review/2022/02/28/f3584848-5565-4973-beee-bdfd79f0bfaa-1646061051786-4076ded37fe8ded9ec6823b31d921db0.jpg,,,,,,,,
32,1,Galih Yudha Sena,25 Februari 2022,Perjalanan Bisnis,"4,0","Book room untuk bisnis trip, masuk hotel mandi beres kerja pakai air panas adalah suatu istirahat terbaik, tapi kalo air nya gak terlalu panas sungguh disayangkan. Stay di lt 12 viewnya the best loh T...Selengkapnya",Ulasan terverifikasi dari tiket.com,https://s-light.tiket.photos/t/01E25EBZS3W0FY9GTG6C42E1SE/original/review/2022/02/25/c08b7d56-9bc7-4a4f-a6a2-e1b092a7ce76-1645807858679-2b473b4c63ba0f1ae1ca93249c082d93.jpg,,,,,,,,,
32,2,DP,19 Februari 2022,,"5,0","enak banget tempatnya saya suka,, deket dengan trans studio bandung tinggal jalan kaki ajah",Ulasan terverifikasi dari tiket.com,https://s-light.tiket.photos/t/01E25EBZS3W0FY9GTG6C42E1SE/original/review/2022/02/19/0ecdf5ba-0b74-4e64-b1d2-9e3f2082cb78-1645242069422-d4105e8c2564faf49f83eede065a0923.jpg,,,,,,,,,
32,3,Hilma Nurpermatasari,15 Februari 2022,Perjalanan Bisnis,"5,0",5 malam disni!! dan saya betah! thankyou for your service dan thankyou for Free Valet parking😘💋,Ulasan terverifikasi dari tiket.com,https://s-light.tiket.photos/t/01E25EBZS3W0FY9GTG6C42E1SE/original/review/2022/02/15/58cd007f-4cfa-41c1-b621-de6e0c3abf22-1644898315746-d5301df2f32dbafb7ed345c072f6430f.jpg,https://s-light.tiket.photos/t/01E25EBZS3W0FY9GTG6C42E1SE/original/review/2022/02/15/102cf2b1-38de-454b-b25f-bd9a2547edb5-1644898315933-a0c71247a7ce730f9dc9a433c54080ca.jpg,,,,,,,,
32,4,DP,7 Februari 2022,Trip Keluarga,"3,2","suka banget sama breakfast nya, lengkap. tapi saya buat kamarnya banyak colokan listrik yg ga bisa dipakai dan ga ada tempat sampah di kamar mandi. untuk hairdryer dan exhaust toilet pun mati. untuk h...Selengkapnya",Ulasan terverifikasi dari tiket.com,https://s-light.tiket.photos/t/01E25EBZS3W0FY9GTG6C42E1SE/original/review/2022/02/07/d9dd4db4-ebf7-4f9b-81c8-ea8774df695d-1644197131472-3c907342456dcbc91d1763253c915728.jpg,,,,,,,,,
32,5,KE,30 Januari 2022,Trip Pasangan,"5,0",,Ulasan terverifikasi dari tiket.com,https://s-light.tiket.photos/t/01E25EBZS3W0FY9GTG6C42E1SE/original/review/2022/01/30/f717fef7-4a58-438d-a828-e447ab5d48eb-1643541036137-bc5bdbdec7796fa47b3dbca064ba7e22.jpg,,,,,,,,,
33,1,ALDI RAHMAN HAKIM,23 Januari 2022,Perjalanan Sendirian,"5,0","kamar nyaman, view bagus, staff ramah, lokasi strategis ada akses langsung ke trans studio mall",Ulasan terverifikasi dari tiket.com,https://s-light.tiket.photos/t/01E25EBZS3W0FY9GTG6C42E1SE/original/review/2022/01/23/ff54b6d4-1f2f-44da-be75-234e82b43c97-1642907023445-c890bde3c18789b28b2984f9600c9cdb.jpg,,,,,,,,,
33,2,TW,5 Januari 2022,Trip Keluarga,"5,0",Istimewa untuk three star,Ulasan terverifikasi dari tiket.com,https://s-light.tiket.photos/t/01E25EBZS3W0FY9GTG6C42E1SE/original/review/2022/01/05/9202d3f1-0424-4fb9-b812-17610ee48553-1641341121450-aea777e125854f61c0be928352289269.jpg,,,,,,,,,
33,3,BERLIANSYAH ZAKA ARDHITYA,4 Januari 2022,Trip bareng Teman,"3,2","Check in membutuhkan waktu yang lama padahal sampai di hotel pukul 15.30 dimana seharus nya check in pukul 14.00, seharusnya 14.00 tamu datang ga datang kamar siap ga udah capek capek disuruh nunggu",Ulasan terverifikasi dari tiket.com,https://s-light.tiket.photos/t/01E25EBZS3W0FY9GTG6C42E1SE/original/review/2022/01/04/80877537-cdc9-4710-b47d-797a790768c6-1641259118362-a6ce37d2473a468c0a7b117192fb4ac8.jpg,,,,,,,,,
33,4,CHRISTIE NOOR CHRISNA,11 Desember 2021,Trip Pasangan,"4,6",Utk koreksi k depannya. Dimohon utk penyiapan kunci kamar. Sy kmrn nunggu hampir 2 jam.,Ulasan terverifikasi dari tiket.com,https://s-light.tiket.photos/t/01E25EBZS3W0FY9GTG6C42E1SE/original/review/2021/12/11/f592998d-6232-4537-9f0a-49e999aec243-1639205265021-b2061b7ebceba703a04746526127ce44.jpg,,,,,,,,,
33,5,Fanny Saefillah,8 Desember 2021,Perjalanan Bisnis,"5,0","Alhamdulillah kemarin dapet kamar yang best view, kiri kanan gunung.",Ulasan terverifikasi dari tiket.com,https://s-light.tiket.photos/t/01E25EBZS3W0FY9GTG6C42E1SE/original/review/2021/12/08/d8473d52-502c-4797-ae94-891d578fceaa-1638943595156-70a16b1500c8c18cf77fcd3f571a621e.jpg,,,,,,,,,
34,1,berry satria,28 November 2021,Trip Keluarga,"5,0",dapet view kamar hotel ke arah trans studio..kamar bagus..pelayanan bagus bgt..salah satu karyawan bernama hanna ramah bgt..sampai anak saya suka dg keramahan dia..pkoknya klw ke bandung pasti mau min...Selengkapnya,Ulasan terverifikasi dari tiket.com,https://s-light.tiket.photos/t/01E25EBZS3W0FY9GTG6C42E1SE/original/review/2021/11/28/4c4a902c-a845-48aa-bc1f-668d69e3e725-1638055073538-26a71926c72f59ae831db168f49c3d78.jpg,,,,,,,,,
34,2,LR,21 Juni 2021,Trip Keluarga,"4,0","Selamat sangaaaat sangaaaat,,,,,,,,,,",Ulasan terverifikasi dari tiket.com,https://s-light.tiket.photos/t/01E25EBZS3W0FY9GTG6C42E1SE/original/review/2021/06/21/983f0f5e-d640-4ab3-b34f-26a2da51956b-1624242349542-04c94fd4fc79c7aa36ec25220b4750d9.jpg,,,,,,,,,
34,3,DARI,18 Juni 2021,Perjalanan Bisnis,"4,0","Service hotelnya oke, kamarnya bersih, wifi nya kencang, tempat makannya juga nyaman dan cozy, makanannya enak, suka buburnya sedaaappp. Enak banget. Dari kamarnya kalau mau nulis di meja juga terang....Selengkapnya",Ulasan terverifikasi dari tiket.com,https://s-light.tiket.photos/t/01E25EBZS3W0FY9GTG6C42E1SE/original/review/2021/06/18/b4df8627-aca2-4b48-91be-96c092e4a197-1623981738901-5f51fc4ed152f9c0daecf59f488ac56d.jpg,https://s-light.tiket.photos/t/01E25EBZS3W0FY9GTG6C42E1SE/original/review/2021/06/18/9288a49d-5584-42b7-9216-b1eef6248b1e-1623981739119-087d16e1a650b52c370f1f3383e930fd.jpg,https://s-light.tiket.photos/t/01E25EBZS3W0FY9GTG6C42E1SE/original/review/2021/06/18/a1fc4148-7fa2-45e8-9705-5023773b7910-1623981739353-6daebb240b58b7f461e047de7d7eec52.jpg,https://s-light.tiket.photos/t/01E25EBZS3W0FY9GTG6C42E1SE/original/review/2021/06/18/8aceb36c-9ffa-4ee6-8227-e8a3d7c22d09-1623981739532-1942770ff2daa420656f9fcff2c907fb.jpg,https://s-light.tiket.photos/t/01E25EBZS3W0FY9GTG6C42E1SE/original/review/2021/06/18/738a9951-cf27-4d42-9ff1-f5fdc7c18ac3-1623981739672-8b150ea81cd798b9ffeae4c707b20051.jpg,https://s-light.tiket.photos/t/01E25EBZS3W0FY9GTG6C42E1SE/original/review/2021/06/18/4e5ab56b-c278-48fe-8f22-b70687c3b5fc-1623981739842-5d926349a919022277d88501f6540768.jpg,,,,
34,4,Siska Lania,5 Juni 2021,Trip Keluarga,"3,6",Hotel ekonomis yg bersebelahan dengan Trans Studio Mall. Saya menginap di kamar lantai 21 dengan view sunrise yg bagus. Kamar bersih dan cukup nyaman. Kamar mandi sempit. Sarapan variasi tidak banyak ...Selengkapnya,Ulasan terverifikasi dari tiket.com,https://s-light.tiket.photos/t/01E25EBZS3W0FY9GTG6C42E1SE/original/review/2021/06/05/ec4dada4-dd19-46bc-b03a-398a472fac3c-1622864738777-77c90a39ee0598fb50971372e1e5529f.jpg,,,,,,,,,
34,5,AL,2 Juni 2021,Trip Pasangan,"5,0",bagussss enakk kamarnya bersih,Ulasan terverifikasi dari tiket.com,https://s-light.tiket.photos/t/01E25EBZS3W0FY9GTG6C42E1SE/original/review/2021/06/02/d875001e-4561-4bf6-b96c-8211e5406483-1622615763448-5260a6c5bdef0a22b1a80f7a446c7179.jpg,,,,,,,,,
35,1,AC,30 Mei 2021,Perjalanan Bisnis,"4,0",Fasilitas ok deket mall,Ulasan terverifikasi dari tiket.com,https://s-light.tiket.photos/t/01E25EBZS3W0FY9GTG6C42E1SE/original/review/2021/05/30/668591fc-82c3-4d5b-b2f0-dc27a9100497-1622352842668-f87d41303765827ff887811e9486d3c2.jpg,,,,,,,,,
35,2,ITU,29 Mei 2021,Trip Keluarga,"5,0","Hotel nyaman,,harga pantas,,fasilitas kamar lumayan tapi pintu kamar mandi tidak ada kunci yaa..Klo bermalam tidak dengan keluarga agak susah yaa..Dekat dengan mall TSM.. Thanks Ibis Hotel Staff..",Ulasan terverifikasi dari tiket.com,https://s-light.tiket.photos/t/01E25EBZS3W0FY9GTG6C42E1SE/original/review/2021/05/29/38699ec7-f50d-4e53-a7c5-eb39a40add7e-1622254677474-e7187275e85a0c31d88e710e16fbf931.jpg,https://s-light.tiket.photos/t/01E25EBZS3W0FY9GTG6C42E1SE/original/review/2021/05/29/05492af6-ce73-4beb-9f07-2cdc8ab120f6-1622254677722-42ec9a91392a3b33403a8fbc39a48678.jpg,,,,,,,,
35,3,MB,24 Mei 2021,Trip Pasangan,"3,8","kebersihan cukup bagus. hanya di kamar sangat terbatas fasilitasnya. kulkas kurang memadai (kulkasnya hangat). perlengkapan kamar mandi sangat kurang. 

semoga ditingkatkan lagi.",Ulasan terverifikasi dari tiket.com,https://s-light.tiket.photos/t/01E25EBZS3W0FY9GTG6C42E1SE/original/review/2021/05/24/dc89f3d7-f211-4ef3-b94b-b68a5bb6db65-1621845946650-e6470941bf477f923ee899112bdae5a7.jpg,,,,,,,,,
35,4,ITU,23 Mei 2021,Trip Keluarga,"5,0",Pengalaman yg menyenangkan,Ulasan terverifikasi dari tiket.com,https://s-light.tiket.photos/t/01E25EBZS3W0FY9GTG6C42E1SE/original/review/2021/05/23/353abb0d-7541-446f-bfb6-16e468d52cae-1621741901304-8cb10aa4ac0039d56e3a50a4fbffb123.jpg,,,,,,,,,
35,5,MM,21 Mei 2021,Trip bareng Teman,"4,0","Mantep, walaupun ga dpt sarapan karna promo hehehe",Ulasan terverifikasi dari tiket.com,https://s-light.tiket.photos/t/01E25EBZS3W0FY9GTG6C42E1SE/original/review/2021/05/21/73e12753-1bfe-47ba-b242-34c6dc21b32f-1621589326452-f04d6cf05497d1af2447ca2a3746d443.jpg,,,,,,,,,
36,1,TH,20 Mei 2021,Trip Pasangan,"4,0","nyamann...
kebetulan dilantai atas jadi pemandangan dr bawahnya bagus bgt..",Ulasan terverifikasi dari tiket.com,https://s-light.tiket.photos/t/01E25EBZS3W0FY9GTG6C42E1SE/original/review/2021/05/20/2b32cf9a-fd36-4b83-8d0b-b7a8777db25a-1621522306965-76b13a1fe530830fb82f88feb8d8c80f.jpg,,,,,,,,,
36,2,Alan Budi,14 Mei 2021,Perjalanan Sendirian,"3,0","Awal check in baik, sampai masuk kamar simpan barang liat di kasur ada rambut panjang itu rambut siapa, apa selesai tamu checkout sprei tidak di ganti?, sikat gigi gak ada, tisu gak ada harus serba re...Selengkapnya",Ulasan terverifikasi dari tiket.com,https://s-light.tiket.photos/t/01E25EBZS3W0FY9GTG6C42E1SE/original/review/2021/05/14/8fc760fd-4790-429c-af8f-fd2520c607e0-1621004408305-0a153bf8ff44bd9c30563a3551f640dc.jpg,,,,,,,,,
36,3,DS,12 Mei 2021,Trip Keluarga,"3,0",ok..tempat yg pas untuk wisata ke Trans Studio Bandung,Ulasan terverifikasi dari tiket.com,https://s-light.tiket.photos/t/01E25EBZS3W0FY9GTG6C42E1SE/original/review/2021/05/12/e276bf13-9736-4fdb-a65c-9c765b8c3647-1620834125328-01493a2a67422212971691b5fb701c31.jpg,,,,,,,,,
36,4,A,11 Mei 2021,Trip Keluarga,"5,0",menginap aman nyaman menyenangkan,Ulasan terverifikasi dari tiket.com,,,,,,,,,,
36,5,Antonius Pedro Handojo,10 Mei 2021,Trip Keluarga,"5,0",direkomendasikan.. ..........,Ulasan terverifikasi dari tiket.com,https://s-light.tiket.photos/t/01E25EBZS3W0FY9GTG6C42E1SE/original/review/2021/05/10/bcb1baec-a0cf-403d-8dbb-a4c79be8add5-1620649046358-5e3aa03655f19827374b1377be9368b6.jpg,,,,,,,,,
37,1,Faisal Nafai,3 Mei 2021,Perjalanan Bisnis,"5,0","Pelayanan fantastis, terutama staf resepsionis dan staf kebersihan/pelayan kamar, hotelnya bagus, bersih, dan nyaman, terima kasih banyak.",Ulasan terverifikasi dari tiket.com,https://s-light.tiket.photos/t/01E25EBZS3W0FY9GTG6C42E1SE/original/review/2021/05/03/577b8eb9-8303-4fce-b4b0-e80ef58bdec9-1620008495172-ffcd45e118fb4dd8bd24219704a4fac2.jpg,,,,,,,,,
37,2,Faisal Nafai,2 Mei 2021,Perjalanan Bisnis,"4,0","Hotel yang bagus, saya selalu memilih hotel ini untuk menginap saat liburan atau perjalanan bisnis, mereka memiliki staf pelayanan yang baik, fasilitas yang bagus.",Ulasan terverifikasi dari tiket.com,https://s-light.tiket.photos/t/01E25EBZS3W0FY9GTG6C42E1SE/original/review/2021/05/02/a408ba53-131e-4e98-b7b8-1c19c84b778b-1619928886685-259b439cf064b54901cd534d1d7b2590.jpg,https://s-light.tiket.photos/t/01E25EBZS3W0FY9GTG6C42E1SE/original/review/2021/05/02/f657bbe1-ec4a-49c3-bd2f-71aa784569d8-1619928886872-eb2d59d21df8d4cbcbed1faedaf31d67.jpg,,,,,,,,
37,3,AP,23 April 2021,Trip Keluarga,"4,0","pelayanan sangat baik, kamar bersih, anak anak sangat senang sekali karena dekat dengan tempat bermain trans studio",Ulasan terverifikasi dari tiket.com,https://s-light.tiket.photos/t/01E25EBZS3W0FY9GTG6C42E1SE/original/review/2021/04/23/e049b582-aa28-4b71-b423-7375e7025507-1619183652992-902256ded85c95288455b8be9cdce71f.jpg,,,,,,,,,
37,4,Anisa Noviani,7 April 2021,Trip Pasangan,"4,0",nyaman nginep disini,Ulasan terverifikasi dari tiket.com,https://s-light.tiket.photos/t/01E25EBZS3W0FY9GTG6C42E1SE/original/review/2021/04/07/fe38bf5e-5ec5-416b-8a0b-6329fffcde78-1617764186766-e883e81233b3d800123e11fd09f8401d.jpg,,,,,,,,,
37,5,MM,18 Maret 2021,Perjalanan Bisnis,"3,0",Saya hanya menginap satu malam di Trans Studio Bandung.. staf hotelnya ramah..,Ulasan terverifikasi dari tiket.com,https://s-light.tiket.photos/t/01E25EBZS3W0FY9GTG6C42E1SE/original/review/2021/03/18/25cf9587-1545-425e-a81f-70cb8e724ab8-1616082590641-9a4ca46ac57e8e289b082bd68b1d18b4.jpg,,,,,,,,,
38,1,Victor Panggabean,14 Maret 2021,Perjalanan Bisnis,"4,0",Kita menginap 3 malam dan ambil 2 kamar yg konekting. Sangat nyaman dan senang sekali di Ibis,Ulasan terverifikasi dari tiket.com,https://s-light.tiket.photos/t/01E25EBZS3W0FY9GTG6C42E1SE/original/review/2021/03/14/ca8e2515-00bd-4bd6-b54e-e7fa9eaccb4a-1615679446683-0ccf963d1ba681b3a61f89905e048eb1.jpg,https://s-light.tiket.photos/t/01E25EBZS3W0FY9GTG6C42E1SE/original/review/2021/03/14/9a8d1a32-1906-4ee0-b23d-2520e0c10a43-1615679447043-ce31b30a3fee078c14a305be3d5f09df.jpg,https://s-light.tiket.photos/t/01E25EBZS3W0FY9GTG6C42E1SE/original/review/2021/03/14/c3a208b0-32cd-46e5-a607-1e5534f8560c-1615679447366-0440cd1af1b92b55a2f50b91c3a5af56.jpg,,,,,,,
38,2,DAN,1 Februari 2021,Perjalanan Bisnis,"3,8",Sejauh ini bagus sekali👍👍👍👍👍👍,Ulasan terverifikasi dari tiket.com,https://s-light.tiket.photos/t/01E25EBZS3W0FY9GTG6C42E1SE/original/review/2021/02/01/1bd99dab-65b5-4eb8-b164-2006ee15f6af-1612181347991-6b0af55abcbe9ffb61ff78af87ac2a54.jpg,,,,,,,,,
38,3,Bayu harumi,5 Desember 2020,Trip Keluarga,"3,8","sangat menyenang kan, lokasi strategis, harga TDK terlalu mahal, kebersihan lumayan bersih&tertata, pegawainy sangat ramah2. recommended bangettt dehh apalagi dekat sekali dengan taman rekreasi indor ...Selengkapnya",Ulasan terverifikasi dari tiket.com,https://s-light.tiket.photos/t/01E25EBZS3W0FY9GTG6C42E1SE/original/review/2020/12/05/b7814156-bc85-4078-9786-c66c3e98aaf6-1607101460838-1f399b67151acbac13ce7544fc0b1cf3.jpg,https://s-light.tiket.photos/t/01E25EBZS3W0FY9GTG6C42E1SE/original/review/2020/12/05/3e2e0492-0db3-4366-a363-89058e5b2273-1607101461164-f98b32036f4938ac478a4a14f6ff075a.jpg,https://s-light.tiket.photos/t/01E25EBZS3W0FY9GTG6C42E1SE/original/review/2020/12/05/f096b904-e848-417a-b34b-56bf631bf9dd-1607101461472-4bb64b264f5a2317f44bb3adbb90e2f2.jpg,https://s-light.tiket.photos/t/01E25EBZS3W0FY9GTG6C42E1SE/original/review/2020/12/05/3a4ca91f-1e1b-49c6-8281-c4e2298f2f00-1607101461808-cae63f53564ee004eafc6fec2d29b458.jpg,,,,,,
38,4,Antonius Pedro Handojo,17 November 2020,Trip Pasangan,"5,0",semuanyq perfect... recomended...,Ulasan terverifikasi dari tiket.com,https://s-light.tiket.photos/t/01E25EBZS3W0FY9GTG6C42E1SE/original/review/2020/11/17/fbc86100-a1c8-4be4-be53-a045b324fcc0-1605587453584-b0d7702f89f3b773ded7f958e0d9298d.jpg,,,,,,,,,
38,5,MS,30 Oktober 2020,Trip Keluarga,"4,0",hotel ya bersih dan OKE,Ulasan terverifikasi dari tiket.com,https://s-light.tiket.photos/t/01E25EBZS3W0FY9GTG6C42E1SE/original/review/2020/10/30/231eef17-628d-47f3-9782-0409f54a7bab-1604018631291-bbd71611667a88bc152a0146fe04b8d0.jpg,,,,,,,,,
39,1,BS,23 September 2020,Trip Keluarga,"4,2",Hotel nya mantab....,Ulasan terverifikasi dari tiket.com,https://s-light.tiket.photos/t/01E25EBZS3W0FY9GTG6C42E1SE/original/review/2020/09/23/147ff902-cf0e-46fe-b3f8-3e996ec3b34e-1600830995025-83bbdbd62878750e9af6880caa13735a.jpg,,,,,,,,,
39,2,Dudi Permana,16 Agustus 2020,Trip Keluarga,"4,0",Semuanya bagus. Hanya pas kondisi saat ini variasi makanannya ga sebanyak biasanya,Ulasan terverifikasi dari tiket.com,https://s-light.tiket.photos/t/01E25EBZS3W0FY9GTG6C42E1SE/rsfill00gsm/review-core/2020/12/16/c59891c1-494f-4bfc-86bb-65b5b64565c7-1608118966005-54064b3ac29d97a2b5a6ddde3fa81a38.jpg,,,,,,,,,