page,tanggal,teks_ulasan,sumber,gambar-1,gambar-2,gambar-3,gambar-4,gambar-5,gambar-6,gambar-7,gambar-8,gambar-9,gambar-10
1,17-Apr-26,Interior ramah anak.,Ulasan terverifikasi dari tiket.com,https://s-light.tiket.photos/t/01E25EBZS3W0FY9GTG6C42E1SE/rsfit10801920gsm/images/2026/04/17/167eb16e-65ad-401e-beb6-b8bf697937af-1776416929170-344fb48de34f89cf6cc7692409878313.jpg,,,,,,,,,
1,11 Maret 2026,"tempat yg nyaman,harga lumayan,makanan komplikasi pelayanan oke",Ulasan terverifikasi dari tiket.com,https://s-light.tiket.photos/t/01E25EBZS3W0FY9GTG6C42E1SE/rsfit10801920gsm/images/2026/03/11/8d7cd17d-4c5a-4abe-ba6b-3e34f52b1ba9-1773238172173-77e92396b0fc69e982e2be4e71ebbc24.jpg,,,,,,,,,
1,6-Nov-25,Area tenang. Menyediakan layanan antar-jemput. Kamar luas.,Ulasan terverifikasi dari tiket.com,https://s-light.tiket.photos/t/01E25EBZS3W0FY9GTG6C42E1SE/rsfit19201080gsm/images/2025/11/06/8fac1942-281c-4363-84b8-d3bbf38e335e-1762416580045-b8bacc71ae26d416f9c6d16bf3f61621.jpg,https://s-light.tiket.photos/t/01E25EBZS3W0FY9GTG6C42E1SE/rsfit19201080gsm/images/2025/11/06/f5b992ca-72d2-4266-bf7a-6022979fc70c-1762416580114-36f5fe1662fb20c88b4e487db021b516.jpg,https://s-light.tiket.photos/t/01E25EBZS3W0FY9GTG6C42E1SE/rsfit19201080gsm/images/2025/11/06/8cd44d84-2306-41ac-a1f3-c4da0ff93c83-1762416580485-b9cd0ff52c8f260c76b102e7d9d7416c.jpg,https://s-light.tiket.photos/t/01E25EBZS3W0FY9GTG6C42E1SE/rsfit19201080gsm/images/2025/11/06/62455e80-5b96-4ff7-b25d-d75e1d50caab-1762416580113-4ac39a1746368cac0094d89addd27a27.jpg,https://s-light.tiket.photos/t/01E25EBZS3W0FY9GTG6C42E1SE/rsfit19201080gsm/images/2025/11/06/eb84a7e2-647b-44d4-b07a-cdfd46427e52-1762416580491-21a3d381a4925882167d98f00b032230.jpg,https://s-light.tiket.photos/t/01E25EBZS3W0FY9GTG6C42E1SE/rsfit19201080gsm/images/2025/11/06/c2c13296-7d46-4851-91b9-61d5171320f5-1762416580599-1eebb1a620de3e23122e3a56c0d5cd21.jpg,https://s-light.tiket.photos/t/01E25EBZS3W0FY9GTG6C42E1SE/rsfit19201080gsm/images/2025/11/06/b783c474-c3c8-498f-a780-a2e8b41c7689-1762416581041-9ed1a6f01ff2a6124787b01d4a6e2e65.jpg,https://s-light.tiket.photos/t/01E25EBZS3W0FY9GTG6C42E1SE/rsfit10801920gsm/images/2025/11/06/b674a0cc-73e5-4a86-afe5-ea449ddc1782-1762416580877-fbb770fd2c342346ca7aea120a91c504.jpg,,
1,2-Sep-25,"Hotel Santika Depok emang the best dari pelayananannya super duper layak bintang 5. makanan dan minumannya enak bgt, kamar bersih dan rapi , view nya keren bgt ketika sunrise. Kalau aku pulang ke indonesia saya akan balik kesini lagi, terimakasih buat staf staf yg sudah banyak membantu saya hari minggu pass cfd akses jln keluar di tutup tapi karena bantuan staf saya tidak telat ke wisma hijau. Mksih mas mas yg udah antar sampai kedepan kluar dari zona cfd an. Ini adalah pengalaman yg tidak bisa saya lupakan, terimakasih hotel Santika Depok . Kamsahamnida 시간이 있으면 담에 봐요!!!!! 호텔 산티카 데포크 최고⭐️⭐️⭐️⭐️⭐️안녕!!!!!!Lihat lebih sedikit",Ulasan terverifikasi dari tiket.com,https://s-light.tiket.photos/t/01E25EBZS3W0FY9GTG6C42E1SE/rsfit10801920gsm/images/2025/09/02/caaeb5f9-0cfe-41c4-825c-7b4fedbbfc00-1756820897330-b5b49976bdbde27b04970e81c965f49d.jpeg,https://s-light.tiket.photos/t/01E25EBZS3W0FY9GTG6C42E1SE/rsfit10801920gsm/images/2025/09/02/a97c1548-97c2-4785-9430-732d1e75e652-1756820896400-5a3ea5d262bc40ed1a280b0332ebec00.jpeg,https://s-light.tiket.photos/t/01E25EBZS3W0FY9GTG6C42E1SE/rsfit10801920gsm/images/2025/09/02/f1c4f3db-09ab-481a-962c-d4ea53f7609e-1756820896301-326c447c3e2b8f9c3deccb97a0423dad.jpeg,https://s-light.tiket.photos/t/01E25EBZS3W0FY9GTG6C42E1SE/rsfit10801920gsm/images/2025/09/02/6bbc7f49-ebb4-4267-be41-905b46315151-1756820897040-8a57f531a85ef81e4304b014b1c36580.jpeg,https://s-light.tiket.photos/t/01E25EBZS3W0FY9GTG6C42E1SE/rsfit10801920gsm/images/2025/09/02/be4abb68-659c-4f10-8ed2-c16ee9de2eaf-1756820896287-b3c528cc23cda733a6878cdbc2f617f6.jpeg,https://s-light.tiket.photos/t/01E25EBZS3W0FY9GTG6C42E1SE/rsfit10801920gsm/images/2025/09/02/e427ad65-3dd9-4f1c-b0f8-a3b3da3dd125-1756820896883-febe77d753ca1d63cd51f088d80a3c58.jpeg,https://s-light.tiket.photos/t/01E25EBZS3W0FY9GTG6C42E1SE/rsfit10801920gsm/images/2025/09/02/18f766a2-a3c6-4d2e-adef-823b5d8344d5-1756820895120-c38fe421fff8788a9d99edcbd4da2c9c.jpeg,https://s-light.tiket.photos/t/01E25EBZS3W0FY9GTG6C42E1SE/rsfit10801920gsm/images/2025/09/02/a7667a42-fe49-4a6a-bf75-6bbe1cf5892c-1756820897274-fc6b24bd0fd4671534848df3cb57442c.jpeg,,
1,12 Agustus 2025,Pas ini buat trip bisnis. Dekat ke pusat keramaian.. Fasilitas cukup lengkap.,Ulasan terverifikasi dari tiket.com,https://s-light.tiket.photos/t/01E25EBZS3W0FY9GTG6C42E1SE/rsfit10801920gsm/images/2025/08/12/c5e647ec-81ba-40a2-8be0-d2496dbd5078-1754958349567-47d9a533974dfa25dfc846d27df9bc85.jpg,,,,,,,,,
2,17 Juli 2025,"Bagus , bersih,ramah",Ulasan terverifikasi dari tiket.com,https://s-light.tiket.photos/t/01E25EBZS3W0FY9GTG6C42E1SE/rsfit10801920gsm/images/2025/07/17/f96db1b9-3889-459f-a2dc-61572864da34-1752768875591-21ba8c20e315165470906ed6fecf75b0.jpg,,,,,,,,,
2,30 Juni 2025,"baguss!! sarapannya enak kamarnya wangi dan bersih, pelayanannya juga ramah banget banget!!!🤩🤩",Ulasan terverifikasi dari tiket.com,https://s-light.tiket.photos/t/01E25EBZS3W0FY9GTG6C42E1SE/rsfit10801920gsm/images/2025/06/30/e0ab4d87-1b27-48b7-a9b9-6e517637b18d-1751296378201-d9bf6de8bff0a1a27bebfba65e259782.jpeg,,,,,,,,,
2,24 Juni 2025,"Friendly guest service staff dengan Layanan yang sangat baik, kamar bersih rapi, makanan enak, super baik dan petugas yang ramah",Ulasan terverifikasi dari tiket.com,https://s-light.tiket.photos/t/01E25EBZS3W0FY9GTG6C42E1SE/rsfit10801920gsm/images/2025/06/24/14fc5ed0-cfab-4a34-bba1-7ce544f7ac8e-1750734724223-843970219a95ead28ed6cb1421a6ab1d.jpg,https://s-light.tiket.photos/t/01E25EBZS3W0FY9GTG6C42E1SE/rsfit10801920gsm/images/2025/06/24/88ffdda7-917d-44d3-b4a7-7eeadf419d81-1750734724292-73f5c2d426c6d28ceba775b72d5419c8.jpg,https://s-light.tiket.photos/t/01E25EBZS3W0FY9GTG6C42E1SE/rsfit10801920gsm/images/2025/06/24/caf4ca54-576c-49ac-ac0a-3483f11e1401-1750734724457-6042f23026fde0fb1e880e0ca821a783.jpg,https://s-light.tiket.photos/t/01E25EBZS3W0FY9GTG6C42E1SE/rsfit10801920gsm/images/2025/06/24/cc223d7a-7b3d-4768-a244-f2562f400a2c-1750734721770-eea1861b184cb2cb770a466ce3698c41.jpg,https://s-light.tiket.photos/t/01E25EBZS3W0FY9GTG6C42E1SE/rsfit10801920gsm/images/2025/06/24/8e3c0c5a-0818-428a-8757-6319ddb5e860-1750734721679-a8178c7ba7191dd01ed2f9a2435ffb4c.jpg,https://s-light.tiket.photos/t/01E25EBZS3W0FY9GTG6C42E1SE/rsfit10801920gsm/images/2025/06/24/f30cc667-23f6-4bb1-943b-0771183c65b6-1750734724557-a96214febded2354e1fab3cafb47d5f0.jpg,https://s-light.tiket.photos/t/01E25EBZS3W0FY9GTG6C42E1SE/rsfit10801920gsm/images/2025/06/24/464cb206-d818-414b-beab-fa52672d1b85-1750734724000-08c8ecc1dda2c8a9a2f176d083f1e497.jpg,,,
2,22 Juni 2025,"Selalu suka nginep Disini Tmptnya nyaman, akses mudah, lokasi strategis",Ulasan terverifikasi dari tiket.com,https://s-light.tiket.photos/t/01E25EBZS3W0FY9GTG6C42E1SE/rsfit10801920gsm/images/2025/06/22/6df8ebeb-4789-44e2-801c-fc7cfd7e444b-1750556036225-f764e91239604b018880d86bbacfbe24.jpeg,https://s-light.tiket.photos/t/01E25EBZS3W0FY9GTG6C42E1SE/rsfit10801920gsm/images/2025/06/22/888409a8-c3aa-4c04-94a6-7c268c4847e0-1750556037109-0cdc082e7c83aa7c7ab07ca033a8b3e2.jpeg,,,,,,,,
2,10 Juni 2025,"Sangat memuaskan , sudah kunjungan yang ke dua kali. Semua request di provide dengan sangat baik, sarapan bervariasi, kamar bersih, terima kasih hotel santika depok atas pelayanan yang sudah diberikan . Highly Recomended Hotel Affordable prices, beautiful views. Pleasant environment.Lihat lebih sedikit",Ulasan terverifikasi dari tiket.com,https://s-light.tiket.photos/t/01E25EBZS3W0FY9GTG6C42E1SE/rsfit10801920gsm/images/2025/06/10/609e1c22-a7d9-4f0b-9393-a0019ba409bc-1749565914165-9ae8dd52249ebbea367e2755940efceb.jpg,https://s-light.tiket.photos/t/01E25EBZS3W0FY9GTG6C42E1SE/rsfit10801920gsm/images/2025/06/10/e48f6c74-9c28-4a46-96ed-2829acefc506-1749565910464-50ef3eecdb31919f48d0cc1da5611147.jpg,https://s-light.tiket.photos/t/01E25EBZS3W0FY9GTG6C42E1SE/rsfit10801920gsm/images/2025/06/10/c9f27aa9-a59a-4fbc-82d5-f50264c6b9ca-1749565909984-e3bb5af2375c81c5039f7fb6bad5be4d.jpg,https://s-light.tiket.photos/t/01E25EBZS3W0FY9GTG6C42E1SE/rsfit10801920gsm/images/2025/06/10/09c2efb6-ac94-4bde-8243-6e02c863ae08-1749565541910-2c6749e820ed26d354405735c359078e.jpg,https://s-light.tiket.photos/t/01E25EBZS3W0FY9GTG6C42E1SE/rsfit10801920gsm/images/2025/06/10/9f601f03-1832-4e0d-88a8-d5acdc6c43d8-1749565904876-05894f689aa1556c72a7ac7a7bc740c8.jpg,https://s-light.tiket.photos/t/01E25EBZS3W0FY9GTG6C42E1SE/rsfit10801920gsm/images/2025/06/10/43c450ca-12e0-489b-a56b-804c60f2147b-1749565916586-d8f15d4a9d8d7d923245c352c9812857.jpg,https://s-light.tiket.photos/t/01E25EBZS3W0FY9GTG6C42E1SE/rsfit10801920gsm/images/2025/06/10/ed303460-68f8-47d4-8ee2-a0ac26634243-1749565912601-aa4b068ddc2f1d716391d1d70458cbee.jpg,https://s-light.tiket.photos/t/01E25EBZS3W0FY9GTG6C42E1SE/rsfit10801920gsm/images/2025/06/10/05aa6ffc-6e94-4475-a3b8-7806514dd5a5-1749565911727-c0db06e6dfd29278dffd359fb75db722.jpg,,
3,6-Apr-25,Sangat menyenangkan liburan disini..semua crew sangat sopan dan baik semua.. Pas anak ultah crewnya pada mau bikin surprise dikamar..sayang anaknya masih molor jd gagal deh 😆 terima kasih santika depok..all perfectLihat lebih sedikit,Ulasan terverifikasi dari tiket.com,https://s-light.tiket.photos/t/01E25EBZS3W0FY9GTG6C42E1SE/rsfit10801920gsm/images/2025/04/06/b44f84d6-8ffd-484e-b5f6-495813d35f72-1743903570715-26346a3f9996b017aef997a113c6218a.jpg,https://s-light.tiket.photos/t/01E25EBZS3W0FY9GTG6C42E1SE/rsfit10801920gsm/images/2025/04/06/b1d13b83-d473-4bfa-86fb-01894ddf2918-1743903581970-48e2f7e6cd6bde48b505b2978f16ae87.jpg,https://s-light.tiket.photos/t/01E25EBZS3W0FY9GTG6C42E1SE/rsfit10801920gsm/images/2025/04/06/98077b92-6a64-47d3-b0c0-be06f79e2158-1743903580170-67503853257693db473f264875610222.jpg,https://s-light.tiket.photos/t/01E25EBZS3W0FY9GTG6C42E1SE/rsfit19201080gsm/images/2025/04/06/86c1a7ff-ae9d-4183-8b05-859af2f6cc6c-1743903580669-6e911ef676ccfdc6284b3ee46f658825.jpg,https://s-light.tiket.photos/t/01E25EBZS3W0FY9GTG6C42E1SE/rsfit10801920gsm/images/2025/04/06/0c9d3ded-afd3-45f5-8f95-610a1448cd67-1743903579841-ec3ca8bfa158b76727e677c87265d6e3.jpg,,,,,
3,2-Apr-25,"Mantab convinience harga terjangkau, bersih, pelayanan superb. Yang perlu dicatat : kolam renang bersebrangan sm penampungan sampah warga jd kl ada angin auto bau bangkai, kebersihan tempat bfast perlu ditingkatkan krna aku liat kecoa kecil di dinding dekat makanan. Selain itu recommended buat city traveler di depok, still the best one for reasonable price.Lihat lebih sedikit",Ulasan terverifikasi dari tiket.com,https://s-light.tiket.photos/t/01E25EBZS3W0FY9GTG6C42E1SE/rsfit10801920gsm/images/2025/04/02/8a4c1ca3-511b-4a18-9433-5e4402fa5f61-1743583878094-c1e4364edb6e29db59222cda10812280.jpeg,,,,,,,,,
3,1 Maret 2025,Harga sesuai dengan kondisi kamar.,Ulasan terverifikasi dari tiket.com,https://s-light.tiket.photos/t/01E25EBZS3W0FY9GTG6C42E1SE/rsfit10801920gsm/images/2025/03/01/1c2cb8a4-d8f0-4bfb-a6ca-f4159a3c55b2-1740780716784-c3f98e1a7d10e04adf458079e59a5896.jpeg,https://s-light.tiket.photos/t/01E25EBZS3W0FY9GTG6C42E1SE/rsfit10801920gsm/images/2025/03/01/1dc472cd-ba83-4d30-a3bc-74431136a1c1-1740780714207-94612321b2ab3dc3942ce155bd03bc0e.jpeg,https://s-light.tiket.photos/t/01E25EBZS3W0FY9GTG6C42E1SE/rsfit10801920gsm/images/2025/03/01/e5392fc0-5ca5-470a-9172-8621a55e9b66-1740780716165-f493759284b43fc575ec402fd2e545d9.jpeg,,,,,,,
3,10 Februari 2025,"Tempat parkir luas. Kebersihan dan kenyamanan nomor satu. Hemat uang, fasilitas premium. Ada kolam renang. Pelayan yang ahli di bidangnya dan pintar.",Ulasan terverifikasi dari tiket.com,https://s-light.tiket.photos/t/01E25EBZS3W0FY9GTG6C42E1SE/rsfit19201080gsm/images/2025/02/10/721ce88c-f3e4-41fe-b7cd-76777c997a6f-1739153019014-ae74bcd4a2aea634d0f6ffea444c9841.jpg,,,,,,,,,
3,8 Desember 2024,"Pelayanan bagus. Kamar nyaman. Sangat bersih. Untuk sarapan ada banyak pilihan. Tapi satu saran dari kami, mohon sediakan pengharum ruangan di kamar mandi. Baunya kurang enak.",Ulasan terverifikasi dari tiket.com,https://s-light.tiket.photos/t/01E25EBZS3W0FY9GTG6C42E1SE/rsfit10801920gsm/images/2024/12/08/e448b163-554b-4186-bc67-04bf58d602a3-1733607554305-ae730cdbf5a15f79016f22e500eb0c92.jpg,https://s-light.tiket.photos/t/01E25EBZS3W0FY9GTG6C42E1SE/rsfit10801920gsm/images/2024/12/08/bed0b9d4-dce1-423f-ba76-63041ef29579-1733607555570-c6f3fa3a5be3c7624d9d879ece096dd3.jpg,https://s-light.tiket.photos/t/01E25EBZS3W0FY9GTG6C42E1SE/rsfit10801920gsm/images/2024/12/08/6b0f9ec6-34a7-44d2-b9c5-717957d15743-1733607555710-073eadebc727f35081387bd0ca30c920.jpg,,,,,,,
4,10-Nov-24,"Hotenya bagus dan bersih, makanannya enak, ada kulkasnya juga dan dapet free kue karena ngerayain ulangtahun. Terima kasih santika. Kolam mengundang untuk berenang.",Ulasan terverifikasi dari tiket.com,https://s-light.tiket.photos/t/01E25EBZS3W0FY9GTG6C42E1SE/rsfit10801920gsm/images/2024/11/10/83c3f069-5fa8-4cca-b47d-f45221dc762e-1731225840035-7be2105236e9045746abca12e72f48fc.jpeg,,,,,,,,,
4,5-Nov-24,Layanan kebersihan harian oke banget. Terletak di kawasan trendi. Kolam renang dengan pemandangan indah.,Ulasan terverifikasi dari tiket.com,https://s-light.tiket.photos/t/01E25EBZS3W0FY9GTG6C42E1SE/rsfit10801920gsm/images/2024/11/05/25cb8a49-f9b4-49ce-aaad-05892e4927d5-1730778636140-df6f4680fe209275288071fa81cde4c8.jpg,,,,,,,,,
4,24 Oktober 2024,Kolam renang anak-anak seru. Tempat parkir luas dan nyaman. Ada pusat kebugaran. Pelayan yang sigap dan luar biasa.,Ulasan terverifikasi dari tiket.com,https://s-light.tiket.photos/t/01E25EBZS3W0FY9GTG6C42E1SE/rsfit10801920gsm/images/2024/10/24/7c3966e3-8f90-4a14-8d2a-f6d9379d2a71-1729785350963-cb2b4c796c3d9bda6ac0951419072a9b.jpg,,,,,,,,,
4,13 Oktober 2024,Kuliner luar biasa. Desain interior bagus banget. Terletak di kawasan wisata. Parkir dengan pemandangan bagus.,Ulasan terverifikasi dari tiket.com,https://s-light.tiket.photos/t/01E25EBZS3W0FY9GTG6C42E1SE/rsfit10801920gsm/images/2024/10/13/3e510d7e-f9da-4d1d-b05a-f1f699411ba1-1728784773128-b614979d62c184f0da5f635a6a8886ae.jpg,,,,,,,,,
4,8 Oktober 2024,Kamar bersih dan nyaman. Resepsionis yang cekatan dan santun.,Ulasan terverifikasi dari tiket.com,https://s-light.tiket.photos/t/01E25EBZS3W0FY9GTG6C42E1SE/rsfit10801920gsm/images/2024/10/08/1f7766f0-7d15-4945-8df0-0ea85b062159-1728364944931-7dc6d84e51c2a7062f7b9a3d54506877.jpeg,,,,,,,,,
5,2 Oktober 2024,"Untuk luas kamar yg tipe standar nya memang minimalis. Kolam renang nya jg hanya 1 kolam, tidak ada kolam anak. Untuk breakfast enak enak, lumayan banyak menu nya. Front desk nya helpfull bgt, ramah semua. Ruangan bebas debu dan noda. Ruangan bebas debu dan noda. Yang saya suka dari Santika Depok, di lobby nya connecting dengan D'mall, jd seneng aja bisa dekat kalau mau ke Mall gak perlu repot.Lihat lebih sedikit",Ulasan terverifikasi dari tiket.com,https://s-light.tiket.photos/t/01E25EBZS3W0FY9GTG6C42E1SE/rsfit10801920gsm/images/2024/10/02/f9226a4f-d1c4-425e-a15d-69b9bec8c797-1727871838989-44028d4aad80fffa011e9f87c291fa72.jpg,,,,,,,,,
5,29-Sep-24,Parkir bebas hambatan. Harga bersaing. Check-out yang sangat mudah. Rasa luar biasa. Tersedia area bermain anak-anak.,Ulasan terverifikasi dari tiket.com,https://s-light.tiket.photos/t/01E25EBZS3W0FY9GTG6C42E1SE/rsfit10801920gsm/images/2024/09/29/17500a8d-e0b5-42c1-a39c-ffde28079d00-1727573734346-ea21e09fd84066482a9a5ce13a4cd09f.jpg,,,,,,,,,
5,15-Sep-24,Kamar terjaga bersih. Ada fasilitas olahraga keluarga. Pemandangan tepi kolam yang istimewa. Staf yang tepat waktu dan penuh perhatian.,Ulasan terverifikasi dari tiket.com,https://s-light.tiket.photos/t/01E25EBZS3W0FY9GTG6C42E1SE/rsfit10801920gsm/images/2024/09/15/0e4595b8-d3da-42a0-8d10-66bea203bb7e-1726391941659-191136cc98f951a0e952c2a44a8a799f.jpg,,,,,,,,,
5,25 Agustus 2024,Secara keseluruhan sangat bersih.,Ulasan terverifikasi dari tiket.com,https://s-light.tiket.photos/t/01E25EBZS3W0FY9GTG6C42E1SE/rsfit10801920gsm/images/2024/08/25/58bd6e08-781d-4c8c-88ae-eba91cb69c13-1724535108068-5a63d9787203c14bd38bff939d7dde75.jpg,,,,,,,,,
5,18 Juli 2024,"Pelayanan resepsionis ramah. Upgrade kamar pas check in diberikan kemudahan, padahal pas lewat telefon katanya penuh. Kamar bersih, nyaman, wangi. Amenities lengkap. Kolam renang bersih dan nyaman. Anak-anak senang sekali renang disini. Restoran masakan sangat lengkap, mulai western, asia, sampai tradisional. Rasanya juga enak. Semua keluarga saya suka. Karena kami berempat, biaya tambah kuota breakfast utk anak2 juga terjangkau. Lobby hotel terkoneksi langsung dg mall. Nyari makan malam mudah sekali, atau sekedar jalan2 dan liat bioskop di mall. Overall puas sekali, sangat recommended utk Anda semua.Lihat lebih sedikit",Ulasan terverifikasi dari tiket.com,https://s-light.tiket.photos/t/01E25EBZS3W0FY9GTG6C42E1SE/rsfit10801920gsm/images/2024/07/18/5d81af05-1f43-4ee2-8cb6-f9b34aa3cb33-1721307052759-3630aa00a43dacea42f58509b61c287f.jpg,,,,,,,,,
6,12 Juli 2024,Hidangan eksotis menarik. Resepsionis yang cekatan dan santun.,Ulasan terverifikasi dari tiket.com,https://s-light.tiket.photos/t/01E25EBZS3W0FY9GTG6C42E1SE/rsfit10801920gsm/images/2024/07/12/dcdaa142-6a23-45c6-bdbd-5c04ba3ca603-1720769308845-be776c86b2f019e0262cacfbb5605bb8.jpg,,,,,,,,,
6,3 Juli 2024,Puas banget nginep di santika depok. Securitynya ramah bantu parkir mobilnya. Bantu bawain barang juga sampe ke kamer. Proses cekin cepat. Breakfast banyak variasinya. Next bakal nginep lagi di santika depok.Lihat lebih sedikit,Ulasan terverifikasi dari tiket.com,https://s-light.tiket.photos/t/01E25EBZS3W0FY9GTG6C42E1SE/rsfit10801920gsm/images/2024/07/03/b6430b38-995a-484b-83c4-b3f1b096c0ae-1719958845983-09063d9d732e3bc69f629f454107e0b2.jpg,https://s-light.tiket.photos/t/01E25EBZS3W0FY9GTG6C42E1SE/rsfit10801920gsm/images/2024/07/03/98410d6a-324b-41a3-b556-a51d33658a62-1719958859252-ba055938cf49a54d5f29eab139431718.jpg,,,,,,,,
6,19 Juni 2024,"Kuliner hotel yang memanjakan. Kamar mandi bersih bersinar. Harga terjangkau, kualitas tinggi.",Ulasan terverifikasi dari tiket.com,https://s-light.tiket.photos/t/01E25EBZS3W0FY9GTG6C42E1SE/rsfit10801920gsm/images/2024/06/19/6cb643d1-3015-4889-800b-b67ab9bbea60-1718811115252-66d59bd3f095ad9bcf132682a19a8f44.jpeg,,,,,,,,,
6,31 Desember 2023,"Keren, tidak mengecewakan 🥰",Ulasan terverifikasi dari tiket.com,https://s-light.tiket.photos/t/01E25EBZS3W0FY9GTG6C42E1SE/rsfit10801920gsm/images/2023/12/31/21468dc8-e05d-4ed8-a492-6b205b27af6a-1703956048395-861e4e97b0c41f37d20c91c45876ee1f.jpg,,,,,,,,,
6,17 Desember 2023,,Ulasan terverifikasi dari tiket.com,https://s-light.tiket.photos/t/01E25EBZS3W0FY9GTG6C42E1SE/rsfit10801920gsm/images/2023/12/17/f02a00da-725d-479b-8c65-c56da0478731-1702777496403-c37158e5f359ad08f32832cca6956212.jpg,,,,,,,,,
7,22-Nov-23,,Ulasan terverifikasi dari tiket.com,https://s-light.tiket.photos/t/01E25EBZS3W0FY9GTG6C42E1SE/rsfit10801920gsm/images/2023/11/22/21ca8a96-69f0-4488-9abc-c43bb69b96d2-1700651865436-640abc6c1893b2b31606ea15e90199d9.jpg,,,,,,,,,
7,25-Sep-23,"Kamar nyaman, cuman agak kurang kedap. Sarapan best laj, hanya parkir terbatas.",Ulasan terverifikasi dari tiket.com,https://s-light.tiket.photos/t/01E25EBZS3W0FY9GTG6C42E1SE/rsfit10801920gsm/images/2023/09/25/06aaf6b4-1584-4003-a244-cd4031d0199d-1695642691888-b606c6bd38c9612400f74fc3c295a5e3.jpg,,,,,,,,,
7,21 Agustus 2023,"Bagusss, selalu baguss setiap kesini.. dekat mall, akses nya gampang, tinggi dan pemandangan selalu bagus",Ulasan terverifikasi dari tiket.com,https://s-light.tiket.photos/t/01E25EBZS3W0FY9GTG6C42E1SE/rsfit10801920gsm/images/2023/08/21/e18c2036-143c-40b5-a613-ab603d4748ea-1692631690964-ac1f21a42a8f8b200057c53be85b35d2.jpg,,,,,,,,,
7,9 Juli 2023,"Pelayanan oke, sarapan enak, dan ternyata pemandangan pagi2 nya bagus juga",Ulasan terverifikasi dari tiket.com,https://s-light.tiket.photos/t/01E25EBZS3W0FY9GTG6C42E1SE/rsfit19201080gsm/images/2023/07/09/0073f1cf-7472-4ed2-9fa7-022aea542444-1688893185143-4055dcb5ed0d203e1e094c5e365adc88.jpg,,,,,,,,,
7,21 Juni 2023,,Ulasan terverifikasi dari tiket.com,https://s-light.tiket.photos/t/01E25EBZS3W0FY9GTG6C42E1SE/rsfit10801920gsm/images/2023/06/21/86e9abb9-27c8-488b-ada3-5e21d595b075-1687351058518-118f212819712cf0f908cd8e71ac5034.jpeg,,,,,,,,,
8,21 Juni 2023,"Lumayan buat tempat singgah, nempel sama mall jadi bisa sekalian refreshing. Tempatnya bersih, sudah dapat breakfast juga.",Ulasan terverifikasi dari tiket.com,https://s-light.tiket.photos/t/01E25EBZS3W0FY9GTG6C42E1SE/rsfit10801920gsm/images/2023/06/21/91cf54e0-4158-4500-ba00-28ff9835d75a-1687316410914-6498ca805d632a2e26b764c37c42aa94.jpeg,https://s-light.tiket.photos/t/01E25EBZS3W0FY9GTG6C42E1SE/rsfit10801920gsm/images/2023/06/21/38c8548b-f0d5-4c51-8540-08287fc96ca6-1687316416614-ea90b144260ff9fcad54a2c3459b4124.jpeg,https://s-light.tiket.photos/t/01E25EBZS3W0FY9GTG6C42E1SE/rsfit10801920gsm/images/2023/06/21/28afbd3c-2cca-4a04-b9cc-634cdc8bd63a-1687316417761-7624cd4f9ad4c3f0445384a03366ceec.jpeg,,,,,,,
8,10 Mei 2023,"Check in/out very smooth (no deposit, registrasi e-money utk free parking, staf ramah n full service); kamar nyaman banget; menu sarapan sangat variatf dan enak² rasanya, terutama pisang gorengnya; fasilitas lengkap. Overall oke. Sempat enggan ke sini karena masalah parkir yg nyatu dg mall,tapi jadi semangat setelah masuk ke hotel dan menikmati fasilitasnya.Lihat lebih sedikit",Ulasan terverifikasi dari tiket.com,https://s-light.tiket.photos/t/01E25EBZS3W0FY9GTG6C42E1SE/rsfit19201080gsm/images/2023/05/10/38c19f5b-5eca-45e4-b91a-89e7cd9b9cb0-1683693241109-5f4b449bd5cfe17b3662536713fa2ac6.jpg,https://s-light.tiket.photos/t/01E25EBZS3W0FY9GTG6C42E1SE/rsfit10801920gsm/images/2023/05/10/754c9ade-da4e-4ab9-9a99-173618dd48ad-1683693241011-ab719a91568386c91a09ee345c820985.jpg,https://s-light.tiket.photos/t/01E25EBZS3W0FY9GTG6C42E1SE/rsfit19201080gsm/images/2023/05/10/ce05acaa-7da0-49f3-a081-dc4e3ca5f66f-1683693240559-273f65b9dd1d459719bc2447d2effd12.jpg,https://s-light.tiket.photos/t/01E25EBZS3W0FY9GTG6C42E1SE/rsfit19201080gsm/images/2023/05/10/7e03603d-24f4-45bb-98de-1231abca274b-1683693241190-11629776be656be603175fc294891d14.jpg,https://s-light.tiket.photos/t/01E25EBZS3W0FY9GTG6C42E1SE/rsfit19201080gsm/images/2023/05/10/bf99f13d-df9c-490f-b3ec-9dcf3e819f1f-1683693240856-81cb8c1c48768233c9c5feb9e2472a19.jpg,,,,,
8,7 Mei 2023,cukup luass & dingin,Ulasan terverifikasi dari tiket.com,https://s-light.tiket.photos/t/01E25EBZS3W0FY9GTG6C42E1SE/rsfit19201080gsm/images/2023/05/07/4565e8e1-ba3e-495f-8781-a8db77294978-1683429032978-c193ca3509646d327468ea897956bdca.jpeg,,,,,,,,,
8,30-Apr-23,"Excellent service,menu sarapan lengkap, lampu kamar perlu dilengkapi dengan lampu utama. Over all good",Ulasan terverifikasi dari tiket.com,https://s-light.tiket.photos/t/01E25EBZS3W0FY9GTG6C42E1SE/rsfit10801920gsm/images/2023/04/30/4b82e884-4778-4583-ae2b-f8657d854f52-1682844172527-bac97f6036236d39c1f259611384c5af.jpg,https://s-light.tiket.photos/t/01E25EBZS3W0FY9GTG6C42E1SE/rsfit10801920gsm/images/2023/04/30/c0920c1e-358d-4d30-a40f-b8890c4553a6-1682844176445-477cd0cc9bc6858bd2020906f01dbe7c.jpg,https://s-light.tiket.photos/t/01E25EBZS3W0FY9GTG6C42E1SE/rsfit10801920gsm/images/2023/04/30/747b4b32-18c2-4aed-b433-f5fec9c873b6-1682844176863-d29947700313692cb22ca207c9d6bddb.jpg,,,,,,,
8,22-Apr-23,Suka segalanya.,Ulasan terverifikasi dari tiket.com,https://s-light.tiket.photos/t/01E25EBZS3W0FY9GTG6C42E1SE/rsfit19201080gsm/images/2023/04/22/b3850eef-2c1b-47bc-9fb4-276b2a4f3ec4-1682144637758-9783ca393811513c801d99427c5d09f5.jpg,,,,,,,,,
9,12 Februari 2023,Sarapannya enak dan nyamann pelayanan nya baguss ramah🫶🏻,Ulasan terverifikasi dari tiket.com,https://s-light.tiket.photos/t/01E25EBZS3W0FY9GTG6C42E1SE/rsfit10801920gsm/images/2023/02/12/cd7ad5e0-75e5-4e33-a8b6-5a21d45987aa-1676167931309-0a77ec04aef483676c322449c1c73656.jpg,,,,,,,,,
9,31 Januari 2023,,Ulasan terverifikasi dari tiket.com,https://s-light.tiket.photos/t/01E25EBZS3W0FY9GTG6C42E1SE/original/review/2023/01/31/ad26aa13-1c89-4ef4-87e4-a2bf63b29333-1675121935936-610e11e9dc994837d1bb44b4070e68e5.jpg,,,,,,,,,
9,22 Januari 2023,Sarapannya enak dan banyak pilihannya. Meskipun saya tidak mencicipi semuanya... Kamar superiornya tidak terlalu besar tetapi cukup luas untuk sholat.,Ulasan terverifikasi dari tiket.com,https://s-light.tiket.photos/t/01E25EBZS3W0FY9GTG6C42E1SE/rsfit10801920gsm/images/2023/01/22/09633758-b3c1-47df-9d05-004b08f49c53-1674388219426-598983fc3e13943ee2671f836d3228d8.jpg,,,,,,,,,
9,13 Januari 2023,,Ulasan terverifikasi dari tiket.com,https://s-light.tiket.photos/t/01E25EBZS3W0FY9GTG6C42E1SE/rsfit10801920gsm/images/2023/01/13/343c3708-da7f-4845-8d18-2f81c02a7b41-1673577436969-459e68bb0b7bfe009a2ebda1ad0204d3.jpg,,,,,,,,,
9,26 Desember 2022,MasyaAllah TabarakAllah pelayanannya 100/100 ramah dan baik !!! Kamarnya cepet banget full jadinya pas order kebagian yang twin bed tapi Its okay . Dipinjemin baby cot dan dikasih kue 1 loyang full buat anniv kita hheehe (kan biasanya cuman 1 slice) . Terima kasih banyak Hotel Santika DepokLihat lebih sedikit,Ulasan terverifikasi dari tiket.com,https://s-light.tiket.photos/t/01E25EBZS3W0FY9GTG6C42E1SE/rsfit10801920gsm/images/2022/12/26/e0fdd8ec-23eb-41b1-a164-3ec75f1a6438-1672014145447-535d23d6214c8122e2f6c4877b204a12.jpeg,https://s-light.tiket.photos/t/01E25EBZS3W0FY9GTG6C42E1SE/rsfit10801920gsm/images/2022/12/26/d1ff1084-fc13-4b4b-a128-9450328b016d-1672014031168-a528e5bf40e84a6328e4eb1212efbf70.jpeg,https://s-light.tiket.photos/t/01E25EBZS3W0FY9GTG6C42E1SE/rsfit10801920gsm/images/2022/12/26/d90cf3c9-03cf-4080-a2c1-6564db725fd3-1672014101542-f2188441237f1a928f642e5060a1cf05.jpeg,https://s-light.tiket.photos/t/01E25EBZS3W0FY9GTG6C42E1SE/rsfit10801920gsm/images/2022/12/26/3e6b62fc-8f1c-4ede-b3f9-4888c200bc88-1672014041817-b90c6089e562cab9d0429576ec8a5117.jpeg,https://s-light.tiket.photos/t/01E25EBZS3W0FY9GTG6C42E1SE/rsfit10801920gsm/images/2022/12/26/5832cf5b-820d-4841-a2b4-9e8abb52c91b-1672014034847-074ddf5c7f9e7f12e36e6347ddbf3062.jpeg,,,,,
10,28-Nov-22,"Hotel favorite kalo nginep di depok karna udah ga tinggal di depok tapi KTP masih di depok hihihi jadi kalo nginep pasti disini deh:) Overall semuanya oke baik dalam pelayanan staf yang ramah juga breakfast yang sekarang mulai banyak variasinya cuma sedikit koreksi untuk mie gorengnya menurut saya masih terlalu keras mungkin proses memasaknya bisa lebih lama lagi untuk hasil yang enak tapi untuk rasanya jauh lebih enak dari terakhir kali saya nginep.. Untuk kolam renangnya saya kasih masukan agar bisa dibuat aman untuk anak2 dibawah 5 tahun karna terlalu dalam untuk ukuran anak seperti itu jadi kalau bisa di buatkan kolam renang khusus anak, sehingga untuk tamu yang membawa anak2 usia dibawah 5 tahun bisa tetap berenang, kemarin saya bawa keponakan usia 4tahun ga bisa berenang karna terlalu dalam kolamnya jadi cuma duduk2 aja di pinggir kolamnya semoga kedepannya bisa di realisasikan untuk kolam anaknya yaa terima kasih :)Lihat lebih sedikit",Ulasan terverifikasi dari tiket.com,https://s-light.tiket.photos/t/01E25EBZS3W0FY9GTG6C42E1SE/original/review/2022/11/28/a15782f2-5f76-473b-9a9b-8e2d0b2edfb6-1669637716949-764b93e1a595822dd3cbc2a8a244bb87.jpg,,,,,,,,,
10,21-Nov-22,Santai di depan Margo City,Ulasan terverifikasi dari tiket.com,https://s-light.tiket.photos/t/01E25EBZS3W0FY9GTG6C42E1SE/original/review/2022/11/21/52709396-1156-450c-9292-751d7e515713-1669038262544-4a3fa2fb1954cf7200bd66fb255680f5.jpg,,,,,,,,,
10,6-Nov-22,Okelah recommended,Ulasan terverifikasi dari tiket.com,https://s-light.tiket.photos/t/01E25EBZS3W0FY9GTG6C42E1SE/original/review/2022/11/06/55daddde-81e9-4f85-a6e4-16ce66ff2705-1667734753530-379baf5e474fe2e25b265928dc4457ed.jpg,,,,,,,,,
10,13 Oktober 2022,,Ulasan terverifikasi dari tiket.com,https://s-light.tiket.photos/t/01E25EBZS3W0FY9GTG6C42E1SE/original/review/2022/10/13/a51a62a6-f4bc-4586-9404-d09d614b5537-1665661003240-8cdba5bb3a720be3446c580e635bf484.jpg,,,,,,,,,
10,13 Oktober 2022,Semoga beruntung,Ulasan terverifikasi dari tiket.com,https://s-light.tiket.photos/t/01E25EBZS3W0FY9GTG6C42E1SE/original/review/2022/10/13/a44c51a5-0455-47af-8b54-1d7dd5d8b81e-1665657893189-d32798208230d9a3654b4a11c569e8da.jpg,,,,,,,,,
11,8 Juli 2022,"Mantep , pelayanannya bagus",Ulasan terverifikasi dari tiket.com,https://s-light.tiket.photos/t/01E25EBZS3W0FY9GTG6C42E1SE/original/review/2022/07/08/3b93b006-4c83-4cdf-b7fd-a9bcef04254b-1657231382533-5ef7a61826eba6040271bf91a0a1d247.jpg,,,,,,,,,
11,5 Mei 2022,pelayananya bagus. petugasnya ramah. asemua pegawainya jujur. ketingalan hp di kamar.. pas sampe rumah bru inget .langsung tlp CS alhamdulilah di amanin si recepsionis. terima kasih semuaa 🙏🙏,Ulasan terverifikasi dari tiket.com,https://s-light.tiket.photos/t/01E25EBZS3W0FY9GTG6C42E1SE/original/review/2022/05/05/10c91dbc-20f3-4585-ba68-768488864de8-1651747507947-0a5ad16db89aa2330ce7969cd7209e42.jpg,https://s-light.tiket.photos/t/01E25EBZS3W0FY9GTG6C42E1SE/original/review/2022/05/05/a290314a-7447-4998-8cf9-33a58e965e31-1651747508229-8dce459178d0b74a6e893ae92fd877f8.jpg,https://s-light.tiket.photos/t/01E25EBZS3W0FY9GTG6C42E1SE/original/review/2022/05/05/984df00e-c37c-49a5-8393-fb579f2ba714-1651747508529-e0bb075570be7cc39f68924f4149df19.jpg,,,,,,,
11,5 Mei 2022,"Pertama kali staycation ala-ala gini, iseng nyoba disini & turns out good. Sukaaa banget & juga akses ke mallnya bener2 deket banget. Paling sarannya menu breakfastnya bisa lebih variatif lagi, but overall good 👍🏻👍🏻Lihat lebih sedikit",Ulasan terverifikasi dari tiket.com,https://s-light.tiket.photos/t/01E25EBZS3W0FY9GTG6C42E1SE/original/review/2022/05/05/53b22a64-60df-4714-85a9-a2eb2e3ef30f-1651745963518-85a6840e4cd3f02b67c8fbd3d73ba1fa.jpg,,,,,,,,,
11,17-Apr-22,saya memesan 2 room superior king . . utk check in aman namun room yg ke 2 pintu Ng bisa dibuka namun dtangani teknisi scra cepat . utk kamar saya suka hanya Santika yg memberikan banyak bantal . lokasi dket mall namun sayang bbrp x saya check in baru liat swimming pool nya . sayang Ng ad kolam buat anknyaLihat lebih sedikit,Ulasan terverifikasi dari tiket.com,https://s-light.tiket.photos/t/01E25EBZS3W0FY9GTG6C42E1SE/original/review/2022/04/17/446ce733-34a0-4465-84a5-36d90bba1dc2-1650196744078-f138fd18d9fa8ece7601757dd0b47273.jpg,https://s-light.tiket.photos/t/01E25EBZS3W0FY9GTG6C42E1SE/original/review/2022/04/17/36a6559c-5c96-40cd-ae05-4d27e42b5c60-1650196745088-c757f0c495cd4ce0d8fb7fc04e7248cc.jpg,https://s-light.tiket.photos/t/01E25EBZS3W0FY9GTG6C42E1SE/original/review/2022/04/17/eb248266-b4ac-4fab-88c9-f6a11b397e72-1650196745311-6e318d3a71b441ed63c9040d0c71d0fc.jpg,,,,,,,
11,3-Apr-22,"hotelnya bersih,pegawainya ramah"",makanannya enak,air kolam renangnya enak tidak banyak kaporitnya.recommen hotel bagus.",Ulasan terverifikasi dari tiket.com,https://s-light.tiket.photos/t/01E25EBZS3W0FY9GTG6C42E1SE/original/review/2022/04/03/4a7b6156-cba3-4a1a-a3ac-0582f04cab20-1648960574473-5ead73d034ca9bac5acff3364f96898a.jpg,https://s-light.tiket.photos/t/01E25EBZS3W0FY9GTG6C42E1SE/original/review/2022/04/03/82c03dd7-5b74-4d51-b48f-f7dd6a4e176e-1648960574640-9808b81c96937772e7a8ff4f74da19eb.jpg,,,,,,,,
12,30 Maret 2022,,Ulasan terverifikasi dari tiket.com,https://s-light.tiket.photos/t/01E25EBZS3W0FY9GTG6C42E1SE/original/review/2022/03/30/6bf6857d-544b-4f8e-9e84-afc64a518257-1648603838219-beb315d4848f8d8015c3ed51b631a948.jpg,,,,,,,,,
12,18 Maret 2022,Makanannya Uenak,Ulasan terverifikasi dari tiket.com,https://s-light.tiket.photos/t/01E25EBZS3W0FY9GTG6C42E1SE/original/review/2022/03/18/bec9c4ec-e9cf-47eb-a83f-5b60926b104f-1647580113985-15ea2e917aef14abcbc0c94132e861aa.jpg,,,,,,,,,
12,1 Maret 2022,sebenarnya ok cuma gak ada hairdryer nya z syg sekali jdi seperti kurang lengkap dgn harga segitu. overall ok,Ulasan terverifikasi dari tiket.com,https://s-light.tiket.photos/t/01E25EBZS3W0FY9GTG6C42E1SE/original/review/2022/03/01/049d7553-e1d1-49e4-9ef3-fa5c1b7d4c51-1646123354503-9577b87216e82dd56f6fb49c37ea293d.jpg,,,,,,,,,
12,12 Februari 2022,"walaupun tidak besar, tp bersih dan service bagus, makanannya enak2",Ulasan terverifikasi dari tiket.com,https://s-light.tiket.photos/t/01E25EBZS3W0FY9GTG6C42E1SE/original/review/2022/02/12/9809bdcd-8897-401b-b55b-5dcde5b32afa-1644663852753-1c4d75bc1cd006863a833c056b990f18.jpg,,,,,,,,,
12,15 Januari 2022,view nya bagus ..staff nya ramah .. breakfast nya luar biasaaaa..,Ulasan terverifikasi dari tiket.com,https://s-light.tiket.photos/t/01E25EBZS3W0FY9GTG6C42E1SE/original/review/2022/01/15/c1d82ff2-045b-4694-9f5e-559240d874b1-1642257081404-21552c916daf97cd50e279da2cd89d1e.jpg,,,,,,,,,
13,2 Januari 2022,Bagus dan enak breakfastnya,Ulasan terverifikasi dari tiket.com,https://s-light.tiket.photos/t/01E25EBZS3W0FY9GTG6C42E1SE/original/review/2022/01/02/0a84c140-8b6d-4350-9a55-2401ea355620-1641127421730-ddb37e200ac829916307b64bfdd79e43.jpg,,,,,,,,,
14,12/29/2021,kecewa nya adalah saya pesan kamar dengan kriteria kamar pemandangan kolam renang sampe hotel ternyata kamar yg dipesan ga ada dan kecewanya lagi dari pihak hotel (receptionist) tidak lantas empati ke...Selengkapnya,https://s-light.tiket.photos/t/01E25EBZS3W0FY9GTG6C42E1SE/original/review/2021/12/29/6a40c1ee-8ae1-42bc-8e59-abde9f97281e-1640794071399-fdb24253d8f35ea8a866675f964768b2.jpg,,,,,,,,,,
14,11/14/2021,"Kami menginap di saat perayaan hari anniversaryku bersama suami. Kali ini mengajak anak2 ikut karena mereka rindu untuk berenang. Sejak pandemi aku ga berani mengajak anak2 berenang di tempat umum, da...Selengkapnya",https://s-light.tiket.photos/t/01E25EBZS3W0FY9GTG6C42E1SE/original/review/2021/11/14/6decdd4e-d877-454f-b580-b64497fdf159-1636903848729-0eb8f4659a1145f965fa68eadd3f49bc.jpg,,,,,,,,,,
14,10/12/2021,Maap ya.. harus jujur untuk kebersihan saya nilai buruk krn saya menemukan kecowa d balik meja samping t4 tidur. Untuk view tdk di ragukan bagus dari lantai 26. Selebihnya sikahkn nilai sendiri.. tks,https://s-light.tiket.photos/t/01E25EBZS3W0FY9GTG6C42E1SE/original/review/2021/10/12/d78f3ff0-f9b8-4d39-a6fb-f87ebb138ce9-1634022690154-9f91bacaa8e0845800f98e4223a71ba6.jpg,https://s-light.tiket.photos/t/01E25EBZS3W0FY9GTG6C42E1SE/original/review/2021/10/12/1d31bafc-facc-4164-a97f-84ed76fe6b27-1634022690333-615e9a28d6471fd13e276b766aa03a85.jpg,,,,,,,,,
14,1/1/2021,Semoga next time nginep lagi disini makanannya bisa banyak pilihannya overall pelayanannya memuaskan,https://s-light.tiket.photos/t/01E25EBZS3W0FY9GTG6C42E1SE/original/review/2021/01/01/6ac5a386-a8b7-4bfb-87f7-b450b90db033-1609479256925-7aaa6338189b9cf704a78399c82ec260.jpg,,,,,,,,,,
14,12/12/2020,all good. pegawai ramah2. makanan enak tapi pilihan cemilan trbatas krn covid,https://s-light.tiket.photos/t/01E25EBZS3W0FY9GTG6C42E1SE/original/review/2020/12/12/8752f307-90a2-440b-a47a-2e1b0a90b350-1607779872101-6d1d47befe938228e76fba584242e492.jpg,,,,,,,,,,
14,11/29/2020,"Recommended untuk staycation. Akses belakang D'Mall, sangat cocok buat yang ingin belanja/refreshing. Tempat engga sulit ditemukan, karena plang diluar hotel ngarahin banget. Pelayanan resepsionis ram...Selengkapnya",https://s-light.tiket.photos/t/01E25EBZS3W0FY9GTG6C42E1SE/original/review/2020/11/29/7454f286-a825-4fab-8f73-54f701da0f43-1606616127985-651912f8316d9e3fb783739a464913d0.jpg,https://s-light.tiket.photos/t/01E25EBZS3W0FY9GTG6C42E1SE/original/review/2020/11/29/d27150a1-e41d-4b44-a812-3df4ef06ca6c-1606616128164-42eb351b9af2a46dbf780056b50195da.jpg,https://s-light.tiket.photos/t/01E25EBZS3W0FY9GTG6C42E1SE/original/review/2020/11/29/ec0aab09-5f5b-4f3a-9a12-4682975e2444-1606616128364-9f6a85f7263a471057a9fa4da7f22848.jpg,,,,,,,,
14,7/3/2020,"Bagus pelayanannya, alat makan serba satu kali pakai mengingat sedang pandemi tapi sarapannya jadi kurang menarik, karena dalam box dan di antar ke kamar. Padahal biasanya menu breakfast di santika tu...Selengkapnya",https://s-light.tiket.photos/t/01E25EBZS3W0FY9GTG6C42E1SE/rsfill00gsm/review-core/2020/12/16/5c265de2-3313-4e9b-8dcd-d6e555416053-1608118182297-8c43844d7fa6d9bf71291d0d6d590f04.jpg,,,,,,,,,,
