url,page,review_index,teks_ulasan,tanggal,gambar-1,gambar-2,gambar-3,gambar-4,gambar-5,gambar-6,gambar-7,gambar-8,gambar-9,gambar-10,gambar-11,gambar-12,gambar-13,gambar-14,gambar-15,gambar-16,gambar-17,gambar-18,gambar-19,gambar-20
https://www.traveloka.com/id-id/user/review/consumption/HOTEL/GENERAL/3000010015267,1,1,"Stafnya ramah dan sangat membantu. Saya tidak sengaja memesan kamar dengan dua tempat tidur single, tetapi mereka memberi saya tempat tidur double, sangat saya hargai. Proses check-in juga lancar dan sangat cepat. Kamarnya bagus dan bersih. Harganya terjangkau dan sepadan. Saya tidur nyenyak.",Diulas 2 minggu lalu,"https://ik.imagekit.io/tvlk/ugc-review/guys1L+Yyer9kzI3sp-pb0CG1j2bhflZGFUZOoIf1YOBAm37kEUOKR41ieUZm7ZJ/ugc-photo-ap-southeast-1-581603780057-acd24e232f75f09e/REVIEW/REVIEW_1777354511982_f8321fd6d6fc8ddf?_src=imagekit&tr=c-at_max,h-100,q-40,w-100",,,,,,,,,,,,,,,,,,,
https://www.traveloka.com/id-id/user/review/consumption/HOTEL/GENERAL/3000010015267,1,2,"staff hotelnya ramah serta pelayanannya baik, kebersihannya baik dan lokasi strategis. Semoga dapat lebih baik lagi dan ditingkatkan lagi. Terima kasih.",Diulas 20 minggu lalu,"https://ik.imagekit.io/tvlk/ugc-review/guys1L+Yyer9kzI3sp-pb0CG1j2bhflZGFUZOoIf1YOBAm37kEUOKR41ieUZm7ZJ/ugc-photo-ap-southeast-1-581603780057-acd24e232f75f09e/REVIEW/REVIEW_1765963074543_5a534d80120c8012?_src=imagekit&tr=c-at_max,h-100,q-40,w-100","https://ik.imagekit.io/tvlk/ugc-review/guys1L+Yyer9kzI3sp-pb0CG1j2bhflZGFUZOoIf1YOBAm37kEUOKR41ieUZm7ZJ/ugc-photo-ap-southeast-1-581603780057-acd24e232f75f09e/REVIEW/REVIEW_1765963074543_9a16ce3a1556b8a9?_src=imagekit&tr=c-at_max,h-100,q-40,w-100","https://ik.imagekit.io/tvlk/ugc-review/guys1L+Yyer9kzI3sp-pb0CG1j2bhflZGFUZOoIf1YOBAm37kEUOKR41ieUZm7ZJ/ugc-photo-ap-southeast-1-581603780057-acd24e232f75f09e/REVIEW/REVIEW_1765963074543_dcb1d326f545181e?_src=imagekit&tr=c-at_max,h-100,q-40,w-100",,,,,,,,,,,,,,,,,
https://www.traveloka.com/id-id/user/review/consumption/HOTEL/GENERAL/3000010015267,1,3,"Untuk transit, hotel ini cukup nyaman karena kebersihan dan pelayanan receptionistnya ramah. Cuma memang saluran air kamar mandinya maupun washtafel tolong diperhatikan kembali yaa karena macet. Terima kasih.",Diulas 25 minggu lalu,"https://ik.imagekit.io/tvlk/ugc-review/guys1L+Yyer9kzI3sp-pb0CG1j2bhflZGFUZOoIf1YOBAm37kEUOKR41ieUZm7ZJ/ugc-photo-ap-southeast-1-581603780057-acd24e232f75f09e/REVIEW/REVIEW_1762937923196_5a6ecb8000abc9ee?_src=imagekit&tr=c-at_max,h-100,q-40,w-100","https://ik.imagekit.io/tvlk/ugc-review/guys1L+Yyer9kzI3sp-pb0CG1j2bhflZGFUZOoIf1YOBAm37kEUOKR41ieUZm7ZJ/ugc-photo-ap-southeast-1-581603780057-acd24e232f75f09e/REVIEW/REVIEW_1762937955559_03fa418f55726aca?_src=imagekit&tr=c-at_max,h-100,q-40,w-100","https://ik.imagekit.io/tvlk/ugc-review/guys1L+Yyer9kzI3sp-pb0CG1j2bhflZGFUZOoIf1YOBAm37kEUOKR41ieUZm7ZJ/ugc-photo-ap-southeast-1-581603780057-acd24e232f75f09e/REVIEW/REVIEW_1762937977427_3f40d0ca6c7598db?_src=imagekit&tr=c-at_max,h-100,q-40,w-100","https://ik.imagekit.io/tvlk/ugc-review/guys1L+Yyer9kzI3sp-pb0CG1j2bhflZGFUZOoIf1YOBAm37kEUOKR41ieUZm7ZJ/ugc-photo-ap-southeast-1-581603780057-acd24e232f75f09e/REVIEW/REVIEW_1762937996426_7a78087ca2152267?_src=imagekit&tr=c-at_max,h-100,q-40,w-100",,,,,,,,,,,,,,,,
https://www.traveloka.com/id-id/user/review/consumption/HOTEL/GENERAL/3000010015267,1,4,"Logo favehotel masih nempel, nostalgia! Dapat handuk vintage (robek) & amenities yang misterius (tak pernah sampai). Pelayanan invisible!",Diulas 32 minggu lalu,"https://ik.imagekit.io/tvlk/ugc-review/guys1L+Yyer9kzI3sp-pb0CG1j2bhflZGFUZOoIf1YOBAm37kEUOKR41ieUZm7ZJ/ugc-photo-ap-southeast-1-581603780057-acd24e232f75f09e/REVIEW/REVIEW_1759252213825_0728ab94d9192048?_src=imagekit&tr=c-at_max,h-100,q-40,w-100",,,,,,,,,,,,,,,,,,,
https://www.traveloka.com/id-id/user/review/consumption/HOTEL/GENERAL/3000010015267,1,5,"Langganan tiap malam minggu di sini, staff-nya ramah-ramah sekali.",Diulas 39 minggu lalu,"https://ik.imagekit.io/tvlk/ugc-review/guys1L+Yyer9kzI3sp-pb0CG1j2bhflZGFUZOoIf1YOBAm37kEUOKR41ieUZm7ZJ/ugc-photo-ap-southeast-1-581603780057-acd24e232f75f09e/REVIEW/REVIEW_1754751032843_decd8abd2777caca?_src=imagekit&tr=c-at_max,h-100,q-40,w-100",,,,,,,,,,,,,,,,,,,
https://www.traveloka.com/id-id/user/review/consumption/HOTEL/GENERAL/3000010015267,1,6,"Terima kasih atas pelayanannya yang baik, tapi saya butuh akses ke kolam renang",Diulas 43 minggu lalu,"https://ik.imagekit.io/tvlk/ugc-review/guys1L+Yyer9kzI3sp-pb0CG1j2bhflZGFUZOoIf1YOBAm37kEUOKR41ieUZm7ZJ/ugc-photo-ap-southeast-1-581603780057-acd24e232f75f09e/REVIEW/REVIEW_1752361460261_9f35ac0a474599ff?_src=imagekit&tr=c-at_max,h-100,q-40,w-100",,,,,,,,,,,,,,,,,,,
https://www.traveloka.com/id-id/user/review/consumption/HOTEL/GENERAL/3000010015267,1,7,"Kalau ada bintang 10, mungkin aku kasih bintang 10. Menginap di sini super duper nyaman banget, staff-nya ramah-ramah dan cepat tanggap. Pertahankan ya.",Diulas 46 minggu lalu,"https://ik.imagekit.io/tvlk/ugc-review/guys1L+Yyer9kzI3sp-pb0CG1j2bhflZGFUZOoIf1YOBAm37kEUOKR41ieUZm7ZJ/ugc-photo-ap-southeast-1-581603780057-acd24e232f75f09e/REVIEW/17789433_REVIEW_1750558327487_064d3af9b79b83b8?_src=imagekit&tr=c-at_max,h-100,q-40,w-100",,,,,,,,,,,,,,,,,,,
https://www.traveloka.com/id-id/user/review/consumption/HOTEL/GENERAL/3000010015267,1,8,lokasi strategis depan mall pakuwon bekasi. saran untuk lorong hotel lampu dibikin terang,Diulas 52 minggu lalu,"https://ik.imagekit.io/tvlk/ugc-review/guys1L+Yyer9kzI3sp-pb0CG1j2bhflZGFUZOoIf1YOBAm37kEUOKR41ieUZm7ZJ/ugc-photo-ap-southeast-1-581603780057-acd24e232f75f09e/REVIEW/4274775_REVIEW_1747096898717_0f8bca3094bad820?_src=imagekit&tr=c-at_max,h-100,q-40,w-100",,,,,,,,,,,,,,,,,,,
https://www.traveloka.com/id-id/user/review/consumption/HOTEL/GENERAL/3000010015267,1,9,Bersih dan nyaman.... Hanya saja penghuni lain menaruh sampah di depan pintu masing-masing.... Tolong ditegur ya kalau jalan keluar buat tidak nyaman,Diulas 57 minggu lalu,"https://ik.imagekit.io/tvlk/ugc-review/guys1L+Yyer9kzI3sp-pb0CG1j2bhflZGFUZOoIf1YOBAm37kEUOKR41ieUZm7ZJ/ugc-photo-ap-southeast-1-581603780057-acd24e232f75f09e/REVIEW/111735282_REVIEW_1743651329757_8bb38d7f13218318?_src=imagekit&tr=c-at_max,h-100,q-40,w-100",,,,,,,,,,,,,,,,,,,
https://www.traveloka.com/id-id/user/review/consumption/HOTEL/GENERAL/3000010015267,1,10,"Fasilitasnya masih kurang, air panas dikit",Diulas 61 minggu lalu,"https://ik.imagekit.io/tvlk/ugc-review/guys1L+Yyer9kzI3sp-pb0CG1j2bhflZGFUZOoIf1YOBAm37kEUOKR41ieUZm7ZJ/ugc-photo-ap-southeast-1-581603780057-acd24e232f75f09e/REVIEW/252257571_REVIEW_1741191947438_3c0e3bed43b6fec7?_src=imagekit&tr=c-at_max,h-100,q-40,w-100",,,,,,,,,,,,,,,,,,,
https://www.traveloka.com/id-id/user/review/consumption/HOTEL/GENERAL/3000010015267,1,11,"View kamar langsung jalan bagus banget sih, kebersihan dan pelayanan kamar oke banget",Diulas 70 minggu lalu,"https://ik.imagekit.io/tvlk/ugc-review/guys1L+Yyer9kzI3sp-pb0CG1j2bhflZGFUZOoIf1YOBAm37kEUOKR41ieUZm7ZJ/ugc-photo-ap-southeast-1-581603780057-acd24e232f75f09e/REVIEW/342444649_REVIEW_1736157609672_53fb1121554fe92e?_src=imagekit&tr=c-at_max,h-100,q-40,w-100",,,,,,,,,,,,,,,,,,,
https://www.traveloka.com/id-id/user/review/consumption/HOTEL/GENERAL/3000010015267,1,12,"Staff-nya ramah, oke depan mal baru banget tinggal nyebrang, sarapan oke, banyak kaca di kamar, views ke jalan raya oke lihat city lights. Awalnya buat business trip ke sini, biasanya di hotel sebelah, worth it banget sih. Check in & out juga mudah, wifi kenceng, banyak stop kontak, kamar lumayan luas & harganya termasuk murah. Kamar mandi juga cukup luas & kaca gede banget, bersih juga.",Diulas 75 minggu lalu,"https://ik.imagekit.io/tvlk/ugc-review/guys1L+Yyer9kzI3sp-pb0CG1j2bhflZGFUZOoIf1YOBAm37kEUOKR41ieUZm7ZJ/ugc-photo-ap-southeast-1-581603780057-acd24e232f75f09e/REVIEW/215430208_REVIEW_1732721659640_c45b388e84b1e6d9?_src=imagekit&tr=c-at_max,h-100,q-40,w-100","https://ik.imagekit.io/tvlk/ugc-review/guys1L+Yyer9kzI3sp-pb0CG1j2bhflZGFUZOoIf1YOBAm37kEUOKR41ieUZm7ZJ/ugc-photo-ap-southeast-1-581603780057-acd24e232f75f09e/REVIEW/215430208_REVIEW_1732721659640_85c97475e03a5487?_src=imagekit&tr=c-at_max,h-100,q-40,w-100","https://ik.imagekit.io/tvlk/ugc-review/guys1L+Yyer9kzI3sp-pb0CG1j2bhflZGFUZOoIf1YOBAm37kEUOKR41ieUZm7ZJ/ugc-photo-ap-southeast-1-581603780057-acd24e232f75f09e/REVIEW/215430208_REVIEW_1732721659641_4c728e1162bef24a?_src=imagekit&tr=c-at_max,h-100,q-40,w-100",,,,,,,,,,,,,,,,,
https://www.traveloka.com/id-id/user/review/consumption/HOTEL/GENERAL/3000010015267,1,13,"Sesuai harga yang dibayarkan, yang didapat lebih dari itu. Di atas rata-rata hotel sejenis, dengan fasilitas swimming pool. Ditambah dengan fasilitas lain-lain, Yusra Inn sangat ok. Worth it.",Diulas 98 minggu lalu,"https://ik.imagekit.io/tvlk/ugc-review/guys1L+Yyer9kzI3sp-pb0CG1j2bhflZGFUZOoIf1YOBAm37kEUOKR41ieUZm7ZJ/ugc-photo-ap-southeast-1-581603780057-acd24e232f75f09e/REVIEW/8290525_REVIEW_1718975886152_12db0d88c7f74937?_src=imagekit&tr=c-at_max,h-100,q-40,w-100",,,,,,,,,,,,,,,,,,,
https://www.traveloka.com/id-id/user/review/consumption/HOTEL/GENERAL/3000010015267,1,14,"Receptionistnya ramah, sangat membantu, kamar cukup luas, bersih, AC nya dingin, dapet makan prasmanan, menunya dikit tapi cukup enak, lain kali kalau ke Bekasi akan nginep di hotel ini lagi.",Diulas 133 minggu lalu,"https://ik.imagekit.io/tvlk/ugc-review/guys1L+Yyer9kzI3sp-pb0CG1j2bhflZGFUZOoIf1YOBAm37kEUOKR41ieUZm7ZJ/ugc-photo-ap-southeast-1-581603780057-acd24e232f75f09e/ACCOMMODATION/168545338_ACCOMMODATION_1698124048601_14f42a8ce3022ca7?_src=imagekit&tr=c-at_max,h-100,q-40,w-100","https://ik.imagekit.io/tvlk/ugc-review/guys1L+Yyer9kzI3sp-pb0CG1j2bhflZGFUZOoIf1YOBAm37kEUOKR41ieUZm7ZJ/ugc-photo-ap-southeast-1-581603780057-acd24e232f75f09e/ACCOMMODATION/168545338_ACCOMMODATION_1698124048601_15eaff57ba24b0b3?_src=imagekit&tr=c-at_max,h-100,q-40,w-100",,,,,,,,,,,,,,,,,,
https://www.traveloka.com/id-id/user/review/consumption/HOTEL/GENERAL/3000010015267,1,15,"Kamar bersih, nyaman, makananya enak, staff ramah dan jujur HP saya ketinggalan di kamar saat check out, sebelum kami menyadarinya pihak hotel terlebih dahulu memberitahukannya kepada kami. Pokoknya recommended banget deh hotel ini. Terima kasih. Oiya seru pas malam tahun baru juga ada berbequ-an dan live musicnya.",Diulas 175 minggu lalu,"https://ik.imagekit.io/tvlk/ugc-review/guys1L+Yyer9kzI3sp-pb0CG1j2bhflZGFUZOoIf1YOBAm37kEUOKR41ieUZm7ZJ/ugc-photo-ap-southeast-1-581603780057-acd24e232f75f09e/ACCOMMODATION/50615573_ACCOMMODATION_1672579410045_1cd740d2a90ccb37?_src=imagekit&tr=c-at_max,h-100,q-40,w-100","https://ik.imagekit.io/tvlk/ugc-review/guys1L+Yyer9kzI3sp-pb0CG1j2bhflZGFUZOoIf1YOBAm37kEUOKR41ieUZm7ZJ/ugc-photo-ap-southeast-1-581603780057-acd24e232f75f09e/ACCOMMODATION/50615573_ACCOMMODATION_1672579410046_54dcee63b26485b5?_src=imagekit&tr=c-at_max,h-100,q-40,w-100","https://ik.imagekit.io/tvlk/ugc-review/guys1L+Yyer9kzI3sp-pb0CG1j2bhflZGFUZOoIf1YOBAm37kEUOKR41ieUZm7ZJ/ugc-photo-ap-southeast-1-581603780057-acd24e232f75f09e/ACCOMMODATION/50615573_ACCOMMODATION_1672579410046_15141d6ec76ea174?_src=imagekit&tr=c-at_max,h-100,q-40,w-100",,,,,,,,,,,,,,,,,
https://www.traveloka.com/id-id/user/review/consumption/HOTEL/GENERAL/3000010015267,1,16,"View bagus, pegawainya ramah semua, air hangatnya lancar, ada tempat buat refill air minum, terus sarapannya enak enak. Good.",Diulas 191 minggu lalu,"https://ik.imagekit.io/tvlk/ugc-review/guys1L+Yyer9kzI3sp-pb0CG1j2bhflZGFUZOoIf1YOBAm37kEUOKR41ieUZm7ZJ/ugc-photo-ap-southeast-1-581603780057-acd24e232f75f09e/ACCOMMODATION/16795229_ACCOMMODATION_1662967191244_22d82b488649db0f?_src=imagekit&tr=c-at_max,h-100,q-40,w-100","https://ik.imagekit.io/tvlk/ugc-review/guys1L+Yyer9kzI3sp-pb0CG1j2bhflZGFUZOoIf1YOBAm37kEUOKR41ieUZm7ZJ/ugc-photo-ap-southeast-1-581603780057-acd24e232f75f09e/ACCOMMODATION/16795229_ACCOMMODATION_1662967191245_049ec454f6c5e808?_src=imagekit&tr=c-at_max,h-100,q-40,w-100",,,,,,,,,,,,,,,,,,
https://www.traveloka.com/id-id/user/review/consumption/HOTEL/GENERAL/3000010015267,1,17,"Suka banget, wifi kencang. Pertama check in di sini. Free parkir juga. Senang sekali",Diulas 239 minggu lalu,"https://ik.imagekit.io/tvlk/ugc-review/guys1L+Yyer9kzI3sp-pb0CG1j2bhflZGFUZOoIf1YOBAm37kEUOKR41ieUZm7ZJ/ugc-photo-ap-southeast-1-581603780057-acd24e232f75f09e/ACCOMMODATION/102885005_ACCOMMODATION_1633842812815_85c6787b7c0ed6bf?_src=imagekit&tr=c-at_max,h-100,q-40,w-100",,,,,,,,,,,,,,,,,,,
https://www.traveloka.com/id-id/user/review/consumption/HOTEL/GENERAL/3000010015267,1,18,"Tempatnya bersih dan nyaman, pelayanan baik, internet lumayan.",Diulas 265 minggu lalu,"https://ik.imagekit.io/tvlk/ugc-review/guys1L+Yyer9kzI3sp-pb0CG1j2bhflZGFUZOoIf1YOBAm37kEUOKR41ieUZm7ZJ/ugc-photo-ap-southeast-1-581603780057-acd24e232f75f09e/ACCOMMODATION/119863065_ACCOMMODATION_1618287605426_1130028c021649b5?_src=imagekit&tr=c-at_max,h-100,q-40,w-100",,,,,,,,,,,,,,,,,,,
https://www.traveloka.com/id-id/user/review/consumption/HOTEL/GENERAL/3000010015267,1,19,"Bersih, makanannya enak, pelayanannya juga ramah.",Diulas 278 minggu lalu,"https://ik.imagekit.io/tvlk/ugc-review/guys1L+Yyer9kzI3sp-pb0CG1j2bhflZGFUZOoIf1YOBAm37kEUOKR41ieUZm7ZJ/ugc-photo-ap-southeast-1-581603780057-acd24e232f75f09e/ACCOMMODATION/82023887_ACCOMMODATION_1610178380421_9a0010277e7c5ca0?_src=imagekit&tr=c-at_max,h-100,q-40,w-100",,,,,,,,,,,,,,,,,,,
https://www.traveloka.com/id-id/user/review/consumption/HOTEL/GENERAL/3000010015267,1,20,Sangat nyaman untuk beristirahat dan lokasi dekat dengan mal?,Diulas 290 minggu lalu,"https://ik.imagekit.io/tvlk/ugc-review/guys1L+Yyer9kzI3sp-pb0CG1j2bhflZGFUZOoIf1YOBAm37kEUOKR41ieUZm7ZJ/ugc-photo-ap-southeast-1-581603780057-acd24e232f75f09e/ACCOMMODATION/5082828_ACCOMMODATION_1602924166097_b580d7e901680198?_src=imagekit&tr=c-at_max,h-100,q-40,w-100",,,,,,,,,,,,,,,,,,,
https://www.traveloka.com/id-id/user/review/consumption/HOTEL/GENERAL/3000010015267,1,21,"Overall nyaman, kamar bersih cuma karena dapatnya kamar smoking room agak sesek sih tapi sarapannya enak banget, Cuma karena pas menginap kondisi banjir dimana-mana jadi lift mati sedikit mengganggu karena harus turun naik tangga. stafnya ramah thanks fave.",Diulas 331 minggu lalu,"https://ik.imagekit.io/tvlk/ugc-review/guys1L+Yyer9kzI3sp-pb0CG1j2bhflZGFUZOoIf1YOBAm37kEUOKR41ieUZm7ZJ/ugc-photo-ap-southeast-1-581603780057-acd24e232f75f09e/ACCOMMODATION/37016491_ACCOMMODATION_1578051868727_f3f42f3c6db94f2c?_src=imagekit&tr=c-at_max,h-100,q-40,w-100","https://ik.imagekit.io/tvlk/ugc-review/guys1L+Yyer9kzI3sp-pb0CG1j2bhflZGFUZOoIf1YOBAm37kEUOKR41ieUZm7ZJ/ugc-photo-ap-southeast-1-581603780057-acd24e232f75f09e/ACCOMMODATION/37016491_ACCOMMODATION_1578051868727_56e47084da0c57c6?_src=imagekit&tr=c-at_max,h-100,q-40,w-100",,,,,,,,,,,,,,,,,,
https://www.traveloka.com/id-id/user/review/consumption/HOTEL/GENERAL/3000010015267,1,22,"Tempatnya strategis dekat dengan mal dan pusat perbelanjaan di bekasi kota, nyaman pokoknya.",Diulas 333 minggu lalu,"https://ik.imagekit.io/tvlk/ugc-review/guys1L+Yyer9kzI3sp-pb0CG1j2bhflZGFUZOoIf1YOBAm37kEUOKR41ieUZm7ZJ/ugc-photo-ap-southeast-1-581603780057-acd24e232f75f09e/ACCOMMODATION/24054947_ACCOMMODATION_1576638443180_eab5c9ebc243e24d?_src=imagekit&tr=c-at_max,h-100,q-40,w-100","https://ik.imagekit.io/tvlk/ugc-review/guys1L+Yyer9kzI3sp-pb0CG1j2bhflZGFUZOoIf1YOBAm37kEUOKR41ieUZm7ZJ/ugc-photo-ap-southeast-1-581603780057-acd24e232f75f09e/ACCOMMODATION/24054947_ACCOMMODATION_1576638443180_af45a966bb312164?_src=imagekit&tr=c-at_max,h-100,q-40,w-100",,,,,,,,,,,,,,,,,,
https://www.traveloka.com/id-id/user/review/consumption/HOTEL/GENERAL/3000010015267,1,23,"Menginap disini sangat kecewa, kamar sempit, kasur bantal dan sepreinya bau apek, bau banget sampai tidak bisa tidur, sudah disemprot minyak wangi baru mendingan, lantai berdebu, makanan pas sarapan tidak enak, kapok menginap disini.",Diulas 335 minggu lalu,"https://ik.imagekit.io/tvlk/ugc-review/guys1L+Yyer9kzI3sp-pb0CG1j2bhflZGFUZOoIf1YOBAm37kEUOKR41ieUZm7ZJ/ugc-photo-ap-southeast-1-581603780057-acd24e232f75f09e/ACCOMMODATION/3694096_ACCOMMODATION_1575838132745_d5bfd86c76a9ccd1?_src=imagekit&tr=c-at_max,h-100,q-40,w-100",,,,,,,,,,,,,,,,,,,
https://www.traveloka.com/id-id/user/review/consumption/HOTEL/GENERAL/3000010015267,1,24,"Tempat yang nyaman dan cocok untuk keluarga, mau kemana-mana dekat.",Diulas 343 minggu lalu,"https://ik.imagekit.io/tvlk/ugc-review/guys1L+Yyer9kzI3sp-pb0CG1j2bhflZGFUZOoIf1YOBAm37kEUOKR41ieUZm7ZJ/ugc-photo-ap-southeast-1-581603780057-acd24e232f75f09e/ACCOMMODATION/100527702_ACCOMMODATION_1570539835555_dfea1fc591414f76?_src=imagekit&tr=c-at_max,h-100,q-40,w-100",,,,,,,,,,,,,,,,,,,
https://www.traveloka.com/id-id/user/review/consumption/HOTEL/GENERAL/3000010015267,1,25,"Fasilitas nyaman, cuma AC-nya masih pakai AC yang lama kurang dingin.",Diulas 347 minggu lalu,"https://ik.imagekit.io/tvlk/ugc-review/guys1L+Yyer9kzI3sp-pb0CG1j2bhflZGFUZOoIf1YOBAm37kEUOKR41ieUZm7ZJ/ugc-photo-ap-southeast-1-581603780057-acd24e232f75f09e/ACCOMMODATION/131863097_ACCOMMODATION_1568080226179_c469dea70a78878c?_src=imagekit&tr=c-at_max,h-100,q-40,w-100",,,,,,,,,,,,,,,,,,,
https://www.traveloka.com/id-id/user/review/consumption/HOTEL/GENERAL/3000010015267,1,26,"tempat nyaman, bersih, staf ramah, sarapannya enak. terima kasih ️",Diulas 352 minggu lalu,"https://ik.imagekit.io/tvlk/ugc-review/guys1L+Yyer9kzI3sp-pb0CG1j2bhflZGFUZOoIf1YOBAm37kEUOKR41ieUZm7ZJ/ugc-photo-ap-southeast-1-581603780057-acd24e232f75f09e/ACCOMMODATION/6446711_ACCOMMODATION_1565661070561_28001323d8a541ba?_src=imagekit&tr=c-at_max,h-100,q-40,w-100",,,,,,,,,,,,,,,,,,,
https://www.traveloka.com/id-id/user/review/consumption/HOTEL/GENERAL/3000010015267,1,27,"Ruangan bersih, wangi, pelayanan ramah, lingkungan sepi nyaman untuk beristirahat, kolam renang luas, kamar mandi bersih.",Diulas 352 minggu lalu,"https://ik.imagekit.io/tvlk/ugc-review/guys1L+Yyer9kzI3sp-pb0CG1j2bhflZGFUZOoIf1YOBAm37kEUOKR41ieUZm7ZJ/ugc-photo-ap-southeast-1-581603780057-acd24e232f75f09e/ACCOMMODATION/122618932_ACCOMMODATION_1565494015301_1ded0ea47d0c6169?_src=imagekit&tr=c-at_max,h-100,q-40,w-100",,,,,,,,,,,,,,,,,,,
https://www.traveloka.com/id-id/user/review/consumption/HOTEL/GENERAL/3000010015267,1,28,Meskipun type standard tapi tetap nyaman.,Diulas 354 minggu lalu,"https://ik.imagekit.io/tvlk/ugc-review/guys1L+Yyer9kzI3sp-pb0CG1j2bhflZGFUZOoIf1YOBAm37kEUOKR41ieUZm7ZJ/ugc-photo-ap-southeast-1-581603780057-acd24e232f75f09e/ACCOMMODATION/16702799_ACCOMMODATION_1564155006387_a0dbbd0899e8013e?_src=imagekit&tr=c-at_max,h-100,q-40,w-100",,,,,,,,,,,,,,,,,,,
https://www.traveloka.com/id-id/user/review/consumption/HOTEL/GENERAL/3000010015267,1,29,"Sangat menikmati liburan keluarga, kolam renangnya luas, makanan restoran enak, top buat fave bekasi.",Diulas 355 minggu lalu,"https://ik.imagekit.io/tvlk/ugc-review/guys1L+Yyer9kzI3sp-pb0CG1j2bhflZGFUZOoIf1YOBAm37kEUOKR41ieUZm7ZJ/ugc-photo-ap-southeast-1-581603780057-acd24e232f75f09e/ACCOMMODATION/103879905_ACCOMMODATION_1563785955386_0279206cfc181ae0?_src=imagekit&tr=c-at_max,h-100,q-40,w-100",,,,,,,,,,,,,,,,,,,
https://www.traveloka.com/id-id/user/review/consumption/HOTEL/GENERAL/3000010015267,1,30,"hotel yang bagus di sudut kota Bekasi. memiliki kolam renang, dan termasuk dalam area apartemen",Diulas 357 minggu lalu,"https://ik.imagekit.io/tvlk/ugc-review/guys1L+Yyer9kzI3sp-pb0CG1j2bhflZGFUZOoIf1YOBAm37kEUOKR41ieUZm7ZJ/ugc-photo-ap-southeast-1-581603780057-acd24e232f75f09e/ACCOMMODATION/21643476_ACCOMMODATION_1562390053887_924a3cdb338439e5?_src=imagekit&tr=c-at_max,h-100,q-40,w-100","https://ik.imagekit.io/tvlk/ugc-review/guys1L+Yyer9kzI3sp-pb0CG1j2bhflZGFUZOoIf1YOBAm37kEUOKR41ieUZm7ZJ/ugc-photo-ap-southeast-1-581603780057-acd24e232f75f09e/ACCOMMODATION/21643476_ACCOMMODATION_1562390053888_c9d639a77c0e51b5?_src=imagekit&tr=c-at_max,h-100,q-40,w-100","https://ik.imagekit.io/tvlk/ugc-review/guys1L+Yyer9kzI3sp-pb0CG1j2bhflZGFUZOoIf1YOBAm37kEUOKR41ieUZm7ZJ/ugc-photo-ap-southeast-1-581603780057-acd24e232f75f09e/ACCOMMODATION/21643476_ACCOMMODATION_1562390053888_a4d7bf6d0cb836a9?_src=imagekit&tr=c-at_max,h-100,q-40,w-100",,,,,,,,,,,,,,,,,
https://www.traveloka.com/id-id/user/review/consumption/HOTEL/GENERAL/3000010015267,1,31,"Bagus dan bersih, ada akses ke apartemen sebelah, jadi bisa berenang.",Diulas 357 minggu lalu,"https://ik.imagekit.io/tvlk/ugc-review/guys1L+Yyer9kzI3sp-pb0CG1j2bhflZGFUZOoIf1YOBAm37kEUOKR41ieUZm7ZJ/ugc-photo-ap-southeast-1-581603780057-acd24e232f75f09e/ACCOMMODATION/2012321_ACCOMMODATION_1562241440476_04c46995460a824a?_src=imagekit&tr=c-at_max,h-100,q-40,w-100","https://ik.imagekit.io/tvlk/ugc-review/guys1L+Yyer9kzI3sp-pb0CG1j2bhflZGFUZOoIf1YOBAm37kEUOKR41ieUZm7ZJ/ugc-photo-ap-southeast-1-581603780057-acd24e232f75f09e/ACCOMMODATION/2012321_ACCOMMODATION_1562241440477_94bfa773a2ea5b44?_src=imagekit&tr=c-at_max,h-100,q-40,w-100","https://ik.imagekit.io/tvlk/ugc-review/guys1L+Yyer9kzI3sp-pb0CG1j2bhflZGFUZOoIf1YOBAm37kEUOKR41ieUZm7ZJ/ugc-photo-ap-southeast-1-581603780057-acd24e232f75f09e/ACCOMMODATION/2012321_ACCOMMODATION_1562241440477_ff14181f8b98b196?_src=imagekit&tr=c-at_max,h-100,q-40,w-100","https://ik.imagekit.io/tvlk/ugc-review/guys1L+Yyer9kzI3sp-pb0CG1j2bhflZGFUZOoIf1YOBAm37kEUOKR41ieUZm7ZJ/ugc-photo-ap-southeast-1-581603780057-acd24e232f75f09e/ACCOMMODATION/2012321_ACCOMMODATION_1562241440477_5c822c288407bf43?_src=imagekit&tr=c-at_max,h-100,q-40,w-100","https://ik.imagekit.io/tvlk/ugc-review/guys1L+Yyer9kzI3sp-pb0CG1j2bhflZGFUZOoIf1YOBAm37kEUOKR41ieUZm7ZJ/ugc-photo-ap-southeast-1-581603780057-acd24e232f75f09e/ACCOMMODATION/2012321_ACCOMMODATION_1562241440477_c11b15eed3ae8717?_src=imagekit&tr=c-at_max,h-100,q-40,w-100",,,,,,,,,,,,,,,
https://www.traveloka.com/id-id/user/review/consumption/HOTEL/GENERAL/3000010015267,1,32,"Kamar nyaman sirkulasi luas, kamar mandi cukup tapi airnya kurang nyaman untuk mandi, pelayanan baik, kolam renang luas, makanan enak dan akses ke mal dan tol sangat dekat ke mesjid pun dekat tidak keluar area hotel. Hanya saja di parkiran basement saluran pembuangan kurang sedap aromanya mengganggu.",Diulas 360 minggu lalu,"https://ik.imagekit.io/tvlk/ugc-review/guys1L+Yyer9kzI3sp-pb0CG1j2bhflZGFUZOoIf1YOBAm37kEUOKR41ieUZm7ZJ/ugc-photo-ap-southeast-1-581603780057-acd24e232f75f09e/ACCOMMODATION/3959272_ACCOMMODATION_1560094778762_84a69219aa15cb0a?_src=imagekit&tr=c-at_max,h-80,q-40,w-80","https://ik.imagekit.io/tvlk/ugc-review/guys1L+Yyer9kzI3sp-pb0CG1j2bhflZGFUZOoIf1YOBAm37kEUOKR41ieUZm7ZJ/ugc-photo-ap-southeast-1-581603780057-acd24e232f75f09e/ACCOMMODATION/3959272_ACCOMMODATION_1560094744498_c98d4cfe69c79c63?_src=imagekit&tr=c-at_max,h-80,q-40,w-80","https://ik.imagekit.io/tvlk/ugc-review/guys1L+Yyer9kzI3sp-pb0CG1j2bhflZGFUZOoIf1YOBAm37kEUOKR41ieUZm7ZJ/ugc-photo-ap-southeast-1-581603780057-acd24e232f75f09e/ACCOMMODATION/3959272_ACCOMMODATION_1560094744497_27797592db28413e?_src=imagekit&tr=c-at_max,h-80,q-40,w-80","https://ik.imagekit.io/tvlk/ugc-review/guys1L+Yyer9kzI3sp-pb0CG1j2bhflZGFUZOoIf1YOBAm37kEUOKR41ieUZm7ZJ/ugc-photo-ap-southeast-1-581603780057-acd24e232f75f09e/ACCOMMODATION/3959272_ACCOMMODATION_1560094697165_ae6326b8f248fdf8?_src=imagekit&tr=c-at_max,h-80,q-40,w-80","https://ik.imagekit.io/tvlk/ugc-review/guys1L+Yyer9kzI3sp-pb0CG1j2bhflZGFUZOoIf1YOBAm37kEUOKR41ieUZm7ZJ/ugc-photo-ap-southeast-1-581603780057-acd24e232f75f09e/ACCOMMODATION/3959272_ACCOMMODATION_1560094765102_d9664434087379fc?_src=imagekit&tr=c-at_max,h-80,q-40,w-80","https://ik.imagekit.io/tvlk/ugc-review/guys1L+Yyer9kzI3sp-pb0CG1j2bhflZGFUZOoIf1YOBAm37kEUOKR41ieUZm7ZJ/ugc-photo-ap-southeast-1-581603780057-acd24e232f75f09e/ACCOMMODATION/3959272_ACCOMMODATION_1560094794864_f88ad622b295fa9a?_src=imagekit&tr=c-at_max,h-80,q-40,w-80","https://ik.imagekit.io/tvlk/ugc-review/guys1L+Yyer9kzI3sp-pb0CG1j2bhflZGFUZOoIf1YOBAm37kEUOKR41ieUZm7ZJ/ugc-photo-ap-southeast-1-581603780057-acd24e232f75f09e/ACCOMMODATION/3959272_ACCOMMODATION_1560830175489_02ce6863d3702b06?_src=imagekit&tr=c-at_max,h-80,q-40,w-80",,,,,,,,,,,,,
https://www.traveloka.com/id-id/user/review/consumption/HOTEL/GENERAL/3000010015267,1,33,"Proses check-in yang mudah, kamar yang cukup besar, bersih, dan nyaman, fasilitas kolam renang, akses lokasi yang mudah serta harga yang cukup terjangkau membuat Fave Hotel Ahmad Yani ini menjadi pilihan yang sempurna untuk menginap di kota Bekasi. :)",Diulas 362 minggu lalu,"https://ik.imagekit.io/tvlk/ugc-review/guys1L+Yyer9kzI3sp-pb0CG1j2bhflZGFUZOoIf1YOBAm37kEUOKR41ieUZm7ZJ/ugc-photo-ap-southeast-1-581603780057-acd24e232f75f09e/ACCOMMODATION/17588097_ACCOMMODATION_1558856533241_a015cf8ac31d1a01?_src=imagekit&tr=c-at_max,h-100,q-40,w-100","https://ik.imagekit.io/tvlk/ugc-review/guys1L+Yyer9kzI3sp-pb0CG1j2bhflZGFUZOoIf1YOBAm37kEUOKR41ieUZm7ZJ/ugc-photo-ap-southeast-1-581603780057-acd24e232f75f09e/ACCOMMODATION/17588097_ACCOMMODATION_1558856533242_f1c6290380e7374f?_src=imagekit&tr=c-at_max,h-100,q-40,w-100","https://ik.imagekit.io/tvlk/ugc-review/guys1L+Yyer9kzI3sp-pb0CG1j2bhflZGFUZOoIf1YOBAm37kEUOKR41ieUZm7ZJ/ugc-photo-ap-southeast-1-581603780057-acd24e232f75f09e/ACCOMMODATION/17588097_ACCOMMODATION_1558856533242_3491c35241b5089c?_src=imagekit&tr=c-at_max,h-100,q-40,w-100",,,,,,,,,,,,,,,,,
https://www.traveloka.com/id-id/user/review/consumption/HOTEL/GENERAL/3000010015267,1,34,"Check in mudah, ada deposit, pelayanan ramah, kamar tidur bersih, tempat tidur bersih, AC dingin, toilet bersih, TV berfungsi, good favehotel, thanks ya.",Diulas 367 minggu lalu,"https://ik.imagekit.io/tvlk/ugc-review/guys1L+Yyer9kzI3sp-pb0CG1j2bhflZGFUZOoIf1YOBAm37kEUOKR41ieUZm7ZJ/ugc-photo-ap-southeast-1-581603780057-acd24e232f75f09e/ACCOMMODATION/58638061_ACCOMMODATION_1556456578681_9a7a9e3645f3f148?_src=imagekit&tr=c-at_max,h-100,q-40,w-100","https://ik.imagekit.io/tvlk/ugc-review/guys1L+Yyer9kzI3sp-pb0CG1j2bhflZGFUZOoIf1YOBAm37kEUOKR41ieUZm7ZJ/ugc-photo-ap-southeast-1-581603780057-acd24e232f75f09e/ACCOMMODATION/58638061_ACCOMMODATION_1556456578682_bf127933dad78266?_src=imagekit&tr=c-at_max,h-100,q-40,w-100","https://ik.imagekit.io/tvlk/ugc-review/guys1L+Yyer9kzI3sp-pb0CG1j2bhflZGFUZOoIf1YOBAm37kEUOKR41ieUZm7ZJ/ugc-photo-ap-southeast-1-581603780057-acd24e232f75f09e/ACCOMMODATION/58638061_ACCOMMODATION_1556456578682_1fb9706aa6197861?_src=imagekit&tr=c-at_max,h-100,q-40,w-100",,,,,,,,,,,,,,,,,
https://www.traveloka.com/id-id/user/review/consumption/HOTEL/GENERAL/3000010015267,1,35,"Staf fast respon. Dekat dari beberapa pusat perbelanjaan (Transpark, Revo town, metropolitan mal, sumerecon mal.) Bersih. Menyatu dengan apartment kemang view. Ada alfamart menyatu dengan gedung.",Diulas 368 minggu lalu,"https://ik.imagekit.io/tvlk/ugc-review/guys1L+Yyer9kzI3sp-pb0CG1j2bhflZGFUZOoIf1YOBAm37kEUOKR41ieUZm7ZJ/ugc-photo-ap-southeast-1-581603780057-acd24e232f75f09e/ACCOMMODATION/3376700_ACCOMMODATION_1555886904388_30b1a52ecab8c8c4?_src=imagekit&tr=c-at_max,h-100,q-40,w-100","https://ik.imagekit.io/tvlk/ugc-review/guys1L+Yyer9kzI3sp-pb0CG1j2bhflZGFUZOoIf1YOBAm37kEUOKR41ieUZm7ZJ/ugc-photo-ap-southeast-1-581603780057-acd24e232f75f09e/ACCOMMODATION/3376700_ACCOMMODATION_1555886904389_279cbabca91c0c1f?_src=imagekit&tr=c-at_max,h-100,q-40,w-100",,,,,,,,,,,,,,,,,,
https://www.traveloka.com/id-id/user/review/consumption/HOTEL/GENERAL/3000010015267,1,36,"Nyaman sekali, bikin nagih",Diulas 371 minggu lalu,"https://ik.imagekit.io/tvlk/ugc-review/guys1L+Yyer9kzI3sp-pb0CG1j2bhflZGFUZOoIf1YOBAm37kEUOKR41ieUZm7ZJ/ugc-photo-ap-southeast-1-581603780057-acd24e232f75f09e/ACCOMMODATION/91777150_ACCOMMODATION_1553954638160_0a290ce6b6b688c6?_src=imagekit&tr=c-at_max,h-100,q-40,w-100",,,,,,,,,,,,,,,,,,,
https://www.traveloka.com/id-id/user/review/consumption/HOTEL/GENERAL/3000010015267,1,37,"Hotelnya bagus, stafnya ramah-ramah, kebersihan oke, breakfastnya, lokasinya, juara. Kolam renangnya bersih dan luas buat anak-anak. Next time balik lagi Favehotel. Thank you Traveloka.",Diulas 372 minggu lalu,"https://ik.imagekit.io/tvlk/ugc-review/guys1L+Yyer9kzI3sp-pb0CG1j2bhflZGFUZOoIf1YOBAm37kEUOKR41ieUZm7ZJ/ugc-photo-ap-southeast-1-581603780057-acd24e232f75f09e/ACCOMMODATION/6470161_ACCOMMODATION_1553604140919_b02f847e792c86d6?_src=imagekit&tr=c-at_max,h-100,q-40,w-100","https://ik.imagekit.io/tvlk/ugc-review/guys1L+Yyer9kzI3sp-pb0CG1j2bhflZGFUZOoIf1YOBAm37kEUOKR41ieUZm7ZJ/ugc-photo-ap-southeast-1-581603780057-acd24e232f75f09e/ACCOMMODATION/6470161_ACCOMMODATION_1553604140919_3c5e6792cca8924d?_src=imagekit&tr=c-at_max,h-100,q-40,w-100","https://ik.imagekit.io/tvlk/ugc-review/guys1L+Yyer9kzI3sp-pb0CG1j2bhflZGFUZOoIf1YOBAm37kEUOKR41ieUZm7ZJ/ugc-photo-ap-southeast-1-581603780057-acd24e232f75f09e/ACCOMMODATION/6470161_ACCOMMODATION_1553604140920_dadc4ee242b370e1?_src=imagekit&tr=c-at_max,h-100,q-40,w-100","https://ik.imagekit.io/tvlk/ugc-review/guys1L+Yyer9kzI3sp-pb0CG1j2bhflZGFUZOoIf1YOBAm37kEUOKR41ieUZm7ZJ/ugc-photo-ap-southeast-1-581603780057-acd24e232f75f09e/ACCOMMODATION/6470161_ACCOMMODATION_1553604140920_bc4cfe61f66d1aad?_src=imagekit&tr=c-at_max,h-100,q-40,w-100",,,,,,,,,,,,,,,,
https://www.traveloka.com/id-id/user/review/consumption/HOTEL/GENERAL/3000010015267,1,38,"Favehotel termasuk favorit saya, dengan design yang serba pink dan fasilitas yang bagus di harga yang terjangkau. Fasilitas kamar yang sangat oke dan breakfast yang very good. Dijamin sangat puas, customer servicenya juga good. I like it",Diulas 372 minggu lalu,"https://ik.imagekit.io/tvlk/ugc-review/guys1L+Yyer9kzI3sp-pb0CG1j2bhflZGFUZOoIf1YOBAm37kEUOKR41ieUZm7ZJ/ugc-photo-ap-southeast-1-581603780057-acd24e232f75f09e/ACCOMMODATION/66736374_ACCOMMODATION_1553327157267_f0bff91c9c3b13cf?_src=imagekit&tr=c-at_max,h-100,q-40,w-100",,,,,,,,,,,,,,,,,,,
https://www.traveloka.com/id-id/user/review/consumption/HOTEL/GENERAL/3000010015267,1,39,"Menyenangkan, kamarnya bersih, hanya saja yang kurang itu adalah untuk tempat parkirnya yang belum rapi saja.",Diulas 373 minggu lalu,"https://ik.imagekit.io/tvlk/ugc-review/guys1L+Yyer9kzI3sp-pb0CG1j2bhflZGFUZOoIf1YOBAm37kEUOKR41ieUZm7ZJ/ugc-photo-ap-southeast-1-581603780057-acd24e232f75f09e/ACCOMMODATION/56373607_ACCOMMODATION_1552795825439_b5dc27d5de43eafb?_src=imagekit&tr=c-at_max,h-100,q-40,w-100",,,,,,,,,,,,,,,,,,,
https://www.traveloka.com/id-id/user/review/consumption/HOTEL/GENERAL/3000010015267,1,40,"Kamar bersih, kamar mandi juga bersih, restoran makanannya juga enak-enak, pelayanan juga ramah, cuma 1 yang saya sayangkan, kolam renangnya kotor sekali, Tidak layak dipakai.",Diulas 383 minggu lalu,"https://ik.imagekit.io/tvlk/ugc-review/guys1L+Yyer9kzI3sp-pb0CG1j2bhflZGFUZOoIf1YOBAm37kEUOKR41ieUZm7ZJ/ugc-photo-ap-southeast-1-581603780057-acd24e232f75f09e/ACCOMMODATION/3783786_ACCOMMODATION_1546519837551_85610c3f359f2fe4?_src=imagekit&tr=c-at_max,h-100,q-40,w-100","https://ik.imagekit.io/tvlk/ugc-review/guys1L+Yyer9kzI3sp-pb0CG1j2bhflZGFUZOoIf1YOBAm37kEUOKR41ieUZm7ZJ/ugc-photo-ap-southeast-1-581603780057-acd24e232f75f09e/ACCOMMODATION/3783786_ACCOMMODATION_1546519837552_1ce01f6d00cf6903?_src=imagekit&tr=c-at_max,h-100,q-40,w-100","https://ik.imagekit.io/tvlk/ugc-review/guys1L+Yyer9kzI3sp-pb0CG1j2bhflZGFUZOoIf1YOBAm37kEUOKR41ieUZm7ZJ/ugc-photo-ap-southeast-1-581603780057-acd24e232f75f09e/ACCOMMODATION/3783786_ACCOMMODATION_1546519837551_5b73cc5ffb148e93?_src=imagekit&tr=c-at_max,h-100,q-40,w-100","https://ik.imagekit.io/tvlk/ugc-review/guys1L+Yyer9kzI3sp-pb0CG1j2bhflZGFUZOoIf1YOBAm37kEUOKR41ieUZm7ZJ/ugc-photo-ap-southeast-1-581603780057-acd24e232f75f09e/ACCOMMODATION/3783786_ACCOMMODATION_1546519837552_49d2b215e30b89d1?_src=imagekit&tr=c-at_max,h-100,q-40,w-100",,,,,,,,,,,,,,,,
https://www.traveloka.com/id-id/user/review/consumption/HOTEL/GENERAL/3000010015267,2,1,"Kamar yang sangat nyaman, tempat yang bagus",Diulas 386 minggu lalu,"https://ik.imagekit.io/tvlk/ugc-review/guys1L+Yyer9kzI3sp-pb0CG1j2bhflZGFUZOoIf1YOBAm37kEUOKR41ieUZm7ZJ/ugc-photo-ap-southeast-1-581603780057-acd24e232f75f09e/ACCOMMODATION/21850615_ACCOMMODATION_1544951939520_aed42ed66bc54386?_src=imagekit&tr=c-at_max,h-100,q-40,w-100",,,,,,,,,,,,,,,,,,,
https://www.traveloka.com/id-id/user/review/consumption/HOTEL/GENERAL/3000010015267,2,2,Menyenangkan untuk fasilitasnya 😊,Diulas 394 minggu lalu,"https://ik.imagekit.io/tvlk/ugc-review/guys1L+Yyer9kzI3sp-pb0CG1j2bhflZGFUZOoIf1YOBAm37kEUOKR41ieUZm7ZJ/ugc-photo-ap-southeast-1-581603780057-acd24e232f75f09e/ACCOMMODATION/63862475_ACCOMMODATION_1539928737340_1ee4ee6aaae4e404?_src=imagekit&tr=c-at_max,h-100,q-40,w-100",,,,,,,,,,,,,,,,,,,
https://www.traveloka.com/id-id/user/review/consumption/HOTEL/GENERAL/3000010015267,2,3,"Fasilitas hotelnya cukup lengkap, pusat perbelanjaan tidak terlalu jauh. Cukup oke buat persinggahan bisnis anda di kota ini.",Diulas 394 minggu lalu,"https://ik.imagekit.io/tvlk/ugc-review/guys1L+Yyer9kzI3sp-pb0CG1j2bhflZGFUZOoIf1YOBAm37kEUOKR41ieUZm7ZJ/ugc-photo-ap-southeast-1-581603780057-acd24e232f75f09e/ACCOMMODATION/18633490_ACCOMMODATION_1539747103648_5283f910d28e6ed9?_src=imagekit&tr=c-at_max,h-100,q-40,w-100",,,,,,,,,,,,,,,,,,,
https://www.traveloka.com/id-id/user/review/consumption/HOTEL/GENERAL/3000010015267,2,4,"Pengalaman menginap disini sangat menyenangkan, receptionist yang ramah, saat cek-in dan check-out yang mudah, kamar yang bersih, ac yang dingin, serta ada fasilitas hiburan seperti kolam renang untuk anak-anak dan dewasa yang cukup luas bersih, di tiap lantai disediakan dispenser yang memudahkan para penginap jika memerlukan air hangat untuk di minum atau membuat pop mie, di samping hotel terdapat alfamart yang memudahkan untuk berbelanja makanan cemilan tak perlu keluar jauh dari tempat kita menginap, sangat recommend sekali, insya allah nanti bakalan balik lagi menginap di hotel ini karena cukup dekat juga dengan fasilitas hiburan/mal, insya allah bulan depan mau kesini sajak teman-teman 😂 Alhamdulilah pengalaman saya menginap di fave hotel baik dijakarta atau dibekasi belum pernah mengecewakan, terima kasih fave hotel 😍😘",Diulas 395 minggu lalu,"https://ik.imagekit.io/tvlk/ugc-review/guys1L+Yyer9kzI3sp-pb0CG1j2bhflZGFUZOoIf1YOBAm37kEUOKR41ieUZm7ZJ/ugc-photo-ap-southeast-1-581603780057-acd24e232f75f09e/ACCOMMODATION/20092628_ACCOMMODATION_1539134710690_d13c396ac3312831?_src=imagekit&tr=c-at_max,h-100,q-40,w-100",,,,,,,,,,,,,,,,,,,
https://www.traveloka.com/id-id/user/review/consumption/HOTEL/GENERAL/3000010015267,2,5,"Kamar bersih, nyaman banget cuma lantai kamar mandi licin mungkin salah di pemilihan lantai.",Diulas 399 minggu lalu,"https://ik.imagekit.io/tvlk/ugc-review/guys1L+Yyer9kzI3sp-pb0CG1j2bhflZGFUZOoIf1YOBAm37kEUOKR41ieUZm7ZJ/ugc-photo-ap-southeast-1-581603780057-acd24e232f75f09e/ACCOMMODATION/18216444_ACCOMMODATION_1536973118505_e0ffa8fd90768280?_src=imagekit&tr=c-at_max,h-100,q-40,w-100","https://ik.imagekit.io/tvlk/ugc-review/guys1L+Yyer9kzI3sp-pb0CG1j2bhflZGFUZOoIf1YOBAm37kEUOKR41ieUZm7ZJ/ugc-photo-ap-southeast-1-581603780057-acd24e232f75f09e/ACCOMMODATION/18216444_ACCOMMODATION_1536973118505_1bee3ddd3805507b?_src=imagekit&tr=c-at_max,h-100,q-40,w-100",,,,,,,,,,,,,,,,,,
https://www.traveloka.com/id-id/user/review/consumption/HOTEL/GENERAL/3000010015267,2,6,"Pelayanannya sangat baik dan ramah banget. Sarapannya enak dan banyak variasi walaupun ada 1 menu yang tidak lengkap+potongan buah-buahnya agak besar-besar untuk salad. Untuk bagian kamar sprei dan sarung bantalnya kotor, lantai kamar mandinya agak licin. Di tambah tidak disediain teko listrik padahal pesan kamar yang ada mini barnya tapi di desk cuma ada 2 botol air mineral tanpa teko listrik jadi kalau mau buat teh atau kopi, lokasi air panas layak minum ada di luar kamar depan lift, semoga kedepannya lebih diperbaiki lagi.",Diulas 401 minggu lalu,"https://ik.imagekit.io/tvlk/ugc-review/guys1L+Yyer9kzI3sp-pb0CG1j2bhflZGFUZOoIf1YOBAm37kEUOKR41ieUZm7ZJ/ugc-photo-ap-southeast-1-581603780057-acd24e232f75f09e/ACCOMMODATION/18158821_ACCOMMODATION_1535904440410_e7d77edb8153e240?_src=imagekit&tr=c-at_max,h-100,q-40,w-100",,,,,,,,,,,,,,,,,,,
https://www.traveloka.com/id-id/user/review/consumption/HOTEL/GENERAL/3000010015267,2,7,"kamarnya cukup besar untuk dua orang. bersih, dan kami mendapat pemandangan indah dari kolam renang dan menara lainnya dari jendela kami.",Diulas 403 minggu lalu,"https://ik.imagekit.io/tvlk/ugc-review/guys1L+Yyer9kzI3sp-pb0CG1j2bhflZGFUZOoIf1YOBAm37kEUOKR41ieUZm7ZJ/ugc-photo-ap-southeast-1-581603780057-acd24e232f75f09e/ACCOMMODATION/15766201_ACCOMMODATION_1534766293523_39e30987debb40cd?_src=imagekit&tr=c-at_max,h-100,q-40,w-100",,,,,,,,,,,,,,,,,,,
https://www.traveloka.com/id-id/user/review/consumption/HOTEL/GENERAL/3000010015267,2,8,"pertama kali saya menginjakkan kaki ke kamar tidur lantai tidak cukup bersih (seperti yang terlihat pada foto). Tidak ada handuk, saya harus membuat permintaan untuk itu (mereka mengatakan karena keterlambatan pengiriman .. yang dapat saya mengerti). Dan saya terlalu lelah dan berencana untuk beristirahat selama 1-2 jam sebelum pergi keluar. Memesan makanan dan tidak pernah menerima makanan yang saya inginkan setelah 2 jam, dan ketika saya melakukan panggilan ke kafe pria itu mengatakan dia mendengar nomor kamar yang salah .. jadi saya harus membatalkan makanan karena sudah waktunya bagi saya untuk memiliki bertemu di luar. Berada di sana cukup sering dan ini adalah pengalaman terburuk saya. berharap mereka bisa meningkat karena terakhir kali saya memiliki pengalaman yang baik.",Diulas 403 minggu lalu,"https://ik.imagekit.io/tvlk/ugc-review/guys1L+Yyer9kzI3sp-pb0CG1j2bhflZGFUZOoIf1YOBAm37kEUOKR41ieUZm7ZJ/ugc-photo-ap-southeast-1-581603780057-acd24e232f75f09e/ACCOMMODATION/8803188_ACCOMMODATION_1534581818460_79b6d71a3ec1ab16?_src=imagekit&tr=c-at_max,h-100,q-40,w-100",,,,,,,,,,,,,,,,,,,
https://www.traveloka.com/id-id/user/review/consumption/HOTEL/GENERAL/3000010015267,2,9,"Pas check in malem mas nya bilang kolam renang nya lg maintanance besok pagi baru bisa, pas cb pagi ternyata masih sama. Kondisi sprei bed cover dikamar agak kotor, lusuh seperti belum di ganti. Kamar mandi nya kurang bersih. Suara closet air nya berisik, air panas di shower nya tidak stabil. Kurang memuaskan lah..utk dari segi kebersihan di tingkatkan lagi.",Diulas 406 minggu lalu,"https://ik.imagekit.io/tvlk/ugc-review/guys1L+Yyer9kzI3sp-pb0CG1j2bhflZGFUZOoIf1YOBAm37kEUOKR41ieUZm7ZJ/ugc-photo-ap-southeast-1-581603780057-acd24e232f75f09e/ACCOMMODATION/9292780_ACCOMMODATION_1532743936635_c6c4a88f575216da?_src=imagekit&tr=c-at_max,h-100,q-40,w-100",,,,,,,,,,,,,,,,,,,
https://www.traveloka.com/id-id/user/review/consumption/HOTEL/GENERAL/3000010015267,2,10,bagus layanan Anda. kamar Anda adalah kebersihan dan kenyamanan,Diulas 408 minggu lalu,"https://ik.imagekit.io/tvlk/ugc-review/guys1L+Yyer9kzI3sp-pb0CG1j2bhflZGFUZOoIf1YOBAm37kEUOKR41ieUZm7ZJ/ugc-photo-ap-southeast-1-581603780057-acd24e232f75f09e/ACCOMMODATION/3502287_ACCOMMODATION_1531717459496_080147116b4bc259?_src=imagekit&tr=c-at_max,h-100,q-40,w-100",,,,,,,,,,,,,,,,,,,
https://www.traveloka.com/id-id/user/review/consumption/HOTEL/GENERAL/3000010015267,2,11,"Perlu beradaptasi jika menginap di hotel ini karena bersatu dengan apartemen, untuk parkir sebenarnya mudah, tinggal belok kiri dan parkir seperti biasa lalu meminta stempel resepsionis agar parkir gratis, saat keluar dan kembali lagi ke hotel maka harus meminta stempel lagi. Untuk lift memang agak sulit terdeteksi akses kartunya, tapi tinggal lebih di tekan lagi saja kartunya di alat sensor. Untuk kamar bersih, hanya saja fasilitasnya agak kurang. Tidak ada kulkas, minibar, tidak ada cangkir dan sendok atau seperti kopi teh dan gula. Sangat disayangkan. Menelepon ke resepsionis tidak diangkat. Untuk proses check-in dan check-out cepat, ada deposit sebesar 50 ribu. Bisa early check-in juga tapi harus menunggu kamar ready. Sebelum check-out di telepon dan diingatkan jam check-out oleh resepsionis. Makanan disini enak, hanya saja refill nasi goreng yang habis diganti oleh nasi biasa. Variasinya juga banyak, sudah bagus, dan restorannya nyaman juga bersih. Hotel budget tapi pelayanan di atas rata-rata, hanya perlu ditingkatkan fasilitas kamar saja.",Diulas 408 minggu lalu,"https://ik.imagekit.io/tvlk/ugc-review/guys1L+Yyer9kzI3sp-pb0CG1j2bhflZGFUZOoIf1YOBAm37kEUOKR41ieUZm7ZJ/ugc-photo-ap-southeast-1-581603780057-acd24e232f75f09e/ACCOMMODATION/0_ACCOMMODATION_1531298774643_ea001c6f7f29b39c?_src=imagekit&tr=c-at_max,h-100,q-40,w-100","https://ik.imagekit.io/tvlk/ugc-review/guys1L+Yyer9kzI3sp-pb0CG1j2bhflZGFUZOoIf1YOBAm37kEUOKR41ieUZm7ZJ/ugc-photo-ap-southeast-1-581603780057-acd24e232f75f09e/ACCOMMODATION/0_ACCOMMODATION_1531298774644_8e2fb21be17616cd?_src=imagekit&tr=c-at_max,h-100,q-40,w-100",,,,,,,,,,,,,,,,,,
https://www.traveloka.com/id-id/user/review/consumption/HOTEL/GENERAL/3000010015267,2,12,Perlengkapan kamar sangat minim. Tisu tidak ada. Proses check-in lama. Kurang fleksibel.,Diulas 410 minggu lalu,"https://ik.imagekit.io/tvlk/ugc-review/guys1L+Yyer9kzI3sp-pb0CG1j2bhflZGFUZOoIf1YOBAm37kEUOKR41ieUZm7ZJ/ugc-photo-ap-southeast-1-581603780057-acd24e232f75f09e/ACCOMMODATION/4636643_ACCOMMODATION_1530424621739_d7ae06804702deab?_src=imagekit&tr=c-at_max,h-100,q-40,w-100",,,,,,,,,,,,,,,,,,,
https://www.traveloka.com/id-id/user/review/consumption/HOTEL/GENERAL/3000010015267,2,13,"Baik, tempatnya nyaman dan makanannya lumayan dengan harga di bawah 400  ribu.",Diulas 410 minggu lalu,"https://ik.imagekit.io/tvlk/ugc-review/guys1L+Yyer9kzI3sp-pb0CG1j2bhflZGFUZOoIf1YOBAm37kEUOKR41ieUZm7ZJ/ugc-photo-ap-southeast-1-581603780057-acd24e232f75f09e/ACCOMMODATION/19426976_ACCOMMODATION_1530192758391_22256e4849961090?_src=imagekit&tr=c-at_max,h-100,q-40,w-100",,,,,,,,,,,,,,,,,,,
https://www.traveloka.com/id-id/user/review/consumption/HOTEL/GENERAL/3000010015267,2,14,"Wifinya kurang kuat, kadang kencang-lemah-tidak bisa total. Sisanya nyaman kok hanya saja catatan untuk room officer, Tisu keringnya jangan lupa taruh masing-masing kamar.",Diulas 410 minggu lalu,"https://ik.imagekit.io/tvlk/ugc-review/guys1L+Yyer9kzI3sp-pb0CG1j2bhflZGFUZOoIf1YOBAm37kEUOKR41ieUZm7ZJ/ugc-photo-ap-southeast-1-581603780057-acd24e232f75f09e/ACCOMMODATION/46844533_ACCOMMODATION_1530122280242_3178f0fdf88a4d87?_src=imagekit&tr=c-at_max,h-100,q-40,w-100",,,,,,,,,,,,,,,,,,,
https://www.traveloka.com/id-id/user/review/consumption/HOTEL/GENERAL/3000010015267,2,15,"Ada beberapa note saja ya, sudah check dari 12.30 dan di tinggal makan siang dulu ketika balik lagi setelah jam 14. Kurang lebih untuk kamar belum tersedia yang double bed dengan alasan masih di rapikan karena sudah lelah saya ambil kamar yang twin bed, kartu akses sedikit bermasalah untuk lift karena kartu polos tidak ada keterangan, sudah konfirmasi handuk akan datang jam 5 namun belum datang juga dan baru datang pukul 7 malam setelah saya kembali komplain namun handuk dalam kondisi bersih dan wangi kemungkinan baru selesai laundry. Untuk makanan banyak variant menu dan enak serta untuk akses kolam renang di pagi hari juga mudah. Jangan lupa untuk parkiran bisa gratis asal meminta cap di resepsionist tambahan ada deposit sebesar 50 ribu. Kenyamanan dan keamanan hotel baik",Diulas 411 minggu lalu,"https://ik.imagekit.io/tvlk/ugc-review/guys1L+Yyer9kzI3sp-pb0CG1j2bhflZGFUZOoIf1YOBAm37kEUOKR41ieUZm7ZJ/ugc-photo-ap-southeast-1-581603780057-acd24e232f75f09e/ACCOMMODATION/57558600_ACCOMMODATION_1530031516884_0b5f60cbe0f8aa9a?_src=imagekit&tr=c-at_max,h-100,q-40,w-100","https://ik.imagekit.io/tvlk/ugc-review/guys1L+Yyer9kzI3sp-pb0CG1j2bhflZGFUZOoIf1YOBAm37kEUOKR41ieUZm7ZJ/ugc-photo-ap-southeast-1-581603780057-acd24e232f75f09e/ACCOMMODATION/57558600_ACCOMMODATION_1530031516884_d192cdc1c3d74434?_src=imagekit&tr=c-at_max,h-100,q-40,w-100",,,,,,,,,,,,,,,,,,
https://www.traveloka.com/id-id/user/review/consumption/HOTEL/GENERAL/3000010015267,2,16,"Bersih, ramah, makanan enak. Kami senang menginap di hotel ini.",Diulas 411 minggu lalu,"https://ik.imagekit.io/tvlk/ugc-review/guys1L+Yyer9kzI3sp-pb0CG1j2bhflZGFUZOoIf1YOBAm37kEUOKR41ieUZm7ZJ/ugc-photo-ap-southeast-1-581603780057-acd24e232f75f09e/ACCOMMODATION/728521_ACCOMMODATION_1529889093514_c10bb4de842acaf0?_src=imagekit&tr=c-at_max,h-100,q-40,w-100",,,,,,,,,,,,,,,,,,,
https://www.traveloka.com/id-id/user/review/consumption/HOTEL/GENERAL/3000010015267,2,17,Lokasi strategis dekat dengan minimarket dan ada banyak pilihan street good. Dekat dengan RS Anna ruangan tidur nyaman. Namun akan lebih baik jika ada drainase di toilet. karena hanya ada 1 saja di dekat shower area. sehingga air menggenang di dekat toilet.,Diulas 414 minggu lalu,"https://ik.imagekit.io/tvlk/ugc-review/guys1L+Yyer9kzI3sp-pb0CG1j2bhflZGFUZOoIf1YOBAm37kEUOKR41ieUZm7ZJ/ugc-photo-ap-southeast-1-581603780057-acd24e232f75f09e/ACCOMMODATION/10160547_ACCOMMODATION_1527994499421_9e957e4165488dd9?_src=imagekit&tr=c-at_max,h-100,q-40,w-100",,,,,,,,,,,,,,,,,,,
https://www.traveloka.com/id-id/user/review/consumption/HOTEL/GENERAL/3000010015267,2,18,"Nyaman sekali disini, pelayanannya memuaskan, tempatnya bersih, strategis",Diulas 416 minggu lalu,"https://ik.imagekit.io/tvlk/ugc-review/guys1L+Yyer9kzI3sp-pb0CG1j2bhflZGFUZOoIf1YOBAm37kEUOKR41ieUZm7ZJ/ugc-photo-ap-southeast-1-581603780057-acd24e232f75f09e/ACCOMMODATION/0_ACCOMMODATION_1526533032908_5bae05c3e234246b?_src=imagekit&tr=c-at_max,h-100,q-40,w-100",,,,,,,,,,,,,,,,,,,
https://www.traveloka.com/id-id/user/review/consumption/HOTEL/GENERAL/3000010015267,2,19,"Kamar bersih, nyaman, pelayanan dan respon cepat, sarapan enak",Diulas 418 minggu lalu,"https://ik.imagekit.io/tvlk/ugc-review/guys1L+Yyer9kzI3sp-pb0CG1j2bhflZGFUZOoIf1YOBAm37kEUOKR41ieUZm7ZJ/ugc-photo-ap-southeast-1-581603780057-acd24e232f75f09e/ACCOMMODATION/3856036_ACCOMMODATION_1525667875729_3c3c38f76c397a16?_src=imagekit&tr=c-at_max,h-100,q-40,w-100",,,,,,,,,,,,,,,,,,,
https://www.traveloka.com/id-id/user/review/consumption/HOTEL/GENERAL/3000010015267,2,20,"malam yang sangat menyenangkan untuk menghabiskan malam di sini. Karena lokasinya yang sangat dekat dengan revo city mall, membuat Anda lebih mudah mendapatkan apa pun. Selain itu, meskipun tidak mahal tapi suka kamar dan makanan, masalahnya hanya tentang kebersihan, tapi saya pikir tidak apa-apa, karena saya punya masalah kulit seperti pada wajah saya mungkin karena kamar tidur, tetapi tidak ada masalah, secara keseluruhan saya saya puas.",Diulas 418 minggu lalu,"https://ik.imagekit.io/tvlk/ugc-review/guys1L+Yyer9kzI3sp-pb0CG1j2bhflZGFUZOoIf1YOBAm37kEUOKR41ieUZm7ZJ/ugc-photo-ap-southeast-1-581603780057-acd24e232f75f09e/ACCOMMODATION/20658119_ACCOMMODATION_1525513096169_2fa3409813f0b690?_src=imagekit&tr=c-at_max,h-100,q-40,w-100","https://ik.imagekit.io/tvlk/ugc-review/guys1L+Yyer9kzI3sp-pb0CG1j2bhflZGFUZOoIf1YOBAm37kEUOKR41ieUZm7ZJ/ugc-photo-ap-southeast-1-581603780057-acd24e232f75f09e/ACCOMMODATION/20658119_ACCOMMODATION_1525513096170_77ab2b50c08e0102?_src=imagekit&tr=c-at_max,h-100,q-40,w-100","https://ik.imagekit.io/tvlk/ugc-review/guys1L+Yyer9kzI3sp-pb0CG1j2bhflZGFUZOoIf1YOBAm37kEUOKR41ieUZm7ZJ/ugc-photo-ap-southeast-1-581603780057-acd24e232f75f09e/ACCOMMODATION/20658119_ACCOMMODATION_1525513096170_95fa1a5cb08abdaf?_src=imagekit&tr=c-at_max,h-100,q-40,w-100","https://ik.imagekit.io/tvlk/ugc-review/guys1L+Yyer9kzI3sp-pb0CG1j2bhflZGFUZOoIf1YOBAm37kEUOKR41ieUZm7ZJ/ugc-photo-ap-southeast-1-581603780057-acd24e232f75f09e/ACCOMMODATION/20658119_ACCOMMODATION_1525513096170_3cddcf859c6f3225?_src=imagekit&tr=c-at_max,h-100,q-40,w-100",,,,,,,,,,,,,,,,
https://www.traveloka.com/id-id/user/review/consumption/HOTEL/GENERAL/3000010015267,2,21,"Staf yang ramah luar biasa, senanglah.",Diulas 420 minggu lalu,"https://ik.imagekit.io/tvlk/ugc-review/guys1L+Yyer9kzI3sp-pb0CG1j2bhflZGFUZOoIf1YOBAm37kEUOKR41ieUZm7ZJ/ugc-photo-ap-southeast-1-581603780057-acd24e232f75f09e/ACCOMMODATION/26235528_ACCOMMODATION_1524276493268_90adac5ff553b854?_src=imagekit&tr=c-at_max,h-100,q-40,w-100",,,,,,,,,,,,,,,,,,,
https://www.traveloka.com/id-id/user/review/consumption/HOTEL/GENERAL/3000010015267,2,22,"pelayanan bagus, bersih dan nyaman",Diulas 423 minggu lalu,"https://ik.imagekit.io/tvlk/ugc-review/guys1L+Yyer9kzI3sp-pb0CG1j2bhflZGFUZOoIf1YOBAm37kEUOKR41ieUZm7ZJ/ugc-photo-ap-southeast-1-581603780057-acd24e232f75f09e/ACCOMMODATION/14548655_ACCOMMODATION_1522551910463_702d9890fd7f0aae?_src=imagekit&tr=c-at_max,h-100,q-40,w-100",,,,,,,,,,,,,,,,,,,
